1,umibyewin,0001,4.90,2019/04/24,guterham
2,umibyewin,0001,4.96,2019/04/24,子人
3,umibyewin,0001,5.03,2019/04/24,ふぁじい
4,umibyewin,0001,5.11,2019/04/24,わあい
5,umibyewin,0001,5.18,2019/04/24,Ico
6,umibyewin,0001,5.25,2019/04/24,cute_hikkychang
7,umibyewin,0001,5.33,2019/04/24,ama
8,umibyewin,0001,5.35,2019/04/24,あきつ
9,umibyewin,0001,5.36,2019/04/24,Nordanix
10,umibyewin,0001,5.38,2019/04/24,らむてが(Ramtieger)
11,umibyewin,0001,5.40,2019/04/24,gori.sh
12,umibyewin,0001,5.45,2019/04/24,Sakiko
13,umibyewin,0001,5.50,2019/04/24,Akari Telepath
14,umibyewin,0001,5.51,2019/04/24,OEDLEMMY
15,umibyewin,0001,5.63,2019/04/24,[deleted]
16,umibyewin,0001,5.75,2019/04/24,グロいうさぎ
17,umibyewin,0001,5.76,2019/04/24,cos
18,umibyewin,0001,5.83,2019/04/24,fatalhy
19,umibyewin,0001,5.85,2019/04/24,Radney
20,umibyewin,0001,5.86,2019/04/24,KawaseFan
1,umibyewin,0011,7.45,2019/04/24,guterham
2,umibyewin,0011,7.70,2019/04/24,ふぁじい
3,umibyewin,0011,7.83,2019/04/24,わあい
4,umibyewin,0011,8.31,2019/04/24,gori.sh
5,umibyewin,0011,8.46,2019/04/24,Nordanix
6,umibyewin,0011,8.46,2019/04/24,らむてが(Ramtieger)
7,umibyewin,0011,8.46,2019/04/24,cute_hikkychang
8,umibyewin,0011,8.58,2019/04/24,Ico
9,umibyewin,0011,8.66,2019/04/24,ama
10,umibyewin,0011,8.66,2019/04/24,Akari Telepath
11,umibyewin,0011,8.81,2019/04/24,[deleted]
12,umibyewin,0011,8.83,2019/04/24,あきつ
13,umibyewin,0011,9.03,2019/04/24,KawaseFan
14,umibyewin,0011,9.36,2019/04/24,TKDL
15,umibyewin,0011,10.33,2019/04/24,real hero26753
16,umibyewin,0011,11.05,2019/04/24,Wanikun
17,umibyewin,0011,11.06,2019/04/24,cos
18,umibyewin,0011,11.28,2019/04/24,ゞ Tonny 〆
19,umibyewin,0011,11.41,2019/04/24,Getter1
20,umibyewin,0011,11.61,2019/04/24,OEDLEMMY
1,umibyewin,00E0,2.11.91,2019/04/24,Ico
2,umibyewin,00E0,2.14.65,2019/04/24,らむてが(Ramtieger)
3,umibyewin,00E0,2.16.46,2019/04/24,Sakiko
4,umibyewin,00E0,2.19.63,2019/04/24,guterham
5,umibyewin,00E0,2.20.53,2019/04/24,Nordanix
6,umibyewin,00E0,2.20.63,2019/04/24,わあい
7,umibyewin,00E0,2.36.03,2019/04/24,あきつ
8,umibyewin,00E0,2.39.35,2019/04/24,KawaseFan
9,umibyewin,00E0,2.42.98,2019/04/24,gori.sh
10,umibyewin,00E0,2.53.88,2019/04/24,tooro
11,umibyewin,00E0,2.59.51,2019/04/24,Akari Telepath
12,umibyewin,00E0,3.10.16,2019/04/24,K_Jin
13,umibyewin,00E0,3.34.58,2019/04/24,ama
14,umibyewin,00E0,3.39.11,2019/04/24,Quasar
15,umibyewin,00E0,3.42.91,2019/04/24,SUICIDEbyNUMBER
16,umibyewin,00E0,3.53.45,2019/04/24,matumoti
17,umibyewin,00E0,4.26.30,2019/04/24,Stabim
18,umibyewin,00E0,4.35.05,2019/04/24,SDL2TLV
19,umibyewin,00E0,4.38.83,2019/04/24,sabotendrill
20,umibyewin,00E0,4.42.33,2019/04/24,Lulzaur
1,umibyewin,00E1,1.50.85,2019/04/24,guterham
2,umibyewin,00E1,2.14.41,2019/04/24,Ico
3,umibyewin,00E1,2.17.20,2019/04/24,わあい
4,umibyewin,00E1,2.24.35,2019/04/24,らむてが(Ramtieger)
5,umibyewin,00E1,2.32.58,2019/04/24,Akari Telepath
6,umibyewin,00E1,3.37.00,2019/04/24,Nordanix
7,umibyewin,00E1,4.11.31,2019/04/24,K_Jin
8,umibyewin,00E1,4.38.30,2019/04/24,KawaseFan
9,umibyewin,00E1,5.00.16,2019/04/24,Wanikun
10,umibyewin,00E1,5.11.48,2019/04/24,おるとEX
11,umibyewin,00E1,5.40.28,2019/04/24,onijirushi
12,umibyewin,00E1,5.49.81,2019/04/24,matumoti
13,umibyewin,00E1,6.15.86,2019/04/24,gori.sh
14,umibyewin,00E1,6.20.96,2019/04/24,SUICIDEbyNUMBER
15,umibyewin,00E1,6.28.15,2019/04/24,Stabim
16,umibyewin,00E1,6.33.93,2019/04/24,55David
17,umibyewin,00E1,8.19.51,2019/04/24,Neon Henchman
18,umibyewin,00E1,10.03.63,2019/04/24,tooro
19,umibyewin,00E1,10.07.81,2019/04/24,hako
20,umibyewin,00E1,11.15.63,2019/04/24,Yusha_Yama
1,umibyewin,00E2,2.36.90,2019/04/24,guterham
2,umibyewin,00E2,3.17.40,2019/04/24,Akari Telepath
3,umibyewin,00E2,3.26.56,2019/04/24,Ico
4,umibyewin,00E2,4.21.36,2019/04/24,KawaseFan
5,umibyewin,00E2,4.33.16,2019/04/24,Nordanix
6,umibyewin,00E2,5.59.76,2019/04/24,onijirushi
7,umibyewin,00E2,8.16.06,2019/04/24,Stabim
8,umibyewin,00E2,8.51.76,2019/04/24,らむてが(Ramtieger)
9,umibyewin,00E2,9.14.80,2019/04/24,おるとEX
10,umibyewin,00E2,10.13.11,2019/04/24,justice fist
11,umibyewin,00E2,10.30.76,2019/04/24,matumoti
12,umibyewin,00E2,11.03.25,2019/04/24,わあい
13,umibyewin,00E2,11.53.93,2019/04/24,tooro
14,umibyewin,00E2,12.36.60,2019/04/24,chedap
15,umibyewin,00E2,13.08.05,2019/04/24,hako
16,umibyewin,00E2,16.41.03,2019/04/24,Lulzaur
17,umibyewin,00E2,17.04.50,2019/04/24,Capndrake
18,umibyewin,00E2,18.04.10,2019/04/24,alcoer
19,umibyewin,00E2,19.26.46,2019/04/24,1row
20,umibyewin,00E2,20.34.50,2019/04/24,cartormIII
1,umibyewin,00E3,4.10.65,2019/04/24,guterham
2,umibyewin,00E3,5.16.90,2019/04/24,Ico
3,umibyewin,00E3,5.32.56,2019/04/24,Akari Telepath
4,umibyewin,00E3,5.54.26,2019/04/24,わあい
5,umibyewin,00E3,5.57.80,2019/04/24,Nordanix
6,umibyewin,00E3,6.05.90,2019/04/24,らむてが(Ramtieger)
7,umibyewin,00E3,6.34.46,2019/04/24,gori.sh
8,umibyewin,00E3,6.46.73,2019/04/24,K_Jin
9,umibyewin,00E3,7.02.46,2019/04/24,KawaseFan
10,umibyewin,00E3,7.32.60,2019/04/24,Wanikun
11,umibyewin,00E3,9.56.21,2019/04/24,justice fist
12,umibyewin,00E3,12.08.15,2019/04/24,Stabim
13,umibyewin,00E3,12.29.45,2019/04/24,onijirushi
14,umibyewin,00E3,13.00.10,2019/04/24,Harucani
15,umibyewin,00E3,13.18.50,2019/04/24,matumoti
16,umibyewin,00E3,15.09.45,2019/04/24,Mr Peck
17,umibyewin,00E3,19.36.53,2019/04/24,tooro
18,umibyewin,00E3,21.15.08,2019/04/24,Lulzaur
19,umibyewin,00E3,23.05.21,2019/04/24,alcoer
20,umibyewin,00E3,23.36.03,2019/04/24,Tofu!
1,umibyewin,00E4,3.01.45,2019/04/24,guterham
2,umibyewin,00E4,3.26.00,2019/04/24,らむてが(Ramtieger)
3,umibyewin,00E4,3.41.10,2019/04/24,Akari Telepath
4,umibyewin,00E4,3.45.18,2019/04/24,Ico
5,umibyewin,00E4,4.52.38,2019/04/24,Nordanix
6,umibyewin,00E4,4.57.18,2019/04/24,わあい
7,umibyewin,00E4,5.20.60,2019/04/24,Wanikun
8,umibyewin,00E4,5.51.05,2019/04/24,KawaseFan
9,umibyewin,00E4,6.59.11,2019/04/24,matumoti
10,umibyewin,00E4,7.07.75,2019/04/24,おるとEX
11,umibyewin,00E4,8.54.58,2019/04/24,justice fist
12,umibyewin,00E4,10.17.16,2019/04/24,onijirushi
13,umibyewin,00E4,12.31.81,2019/04/24,Stabim
14,umibyewin,00E4,14.23.88,2019/04/24,Capndrake
15,umibyewin,00E4,14.50.56,2019/04/24,Mr Peck
16,umibyewin,00E4,15.40.38,2019/04/24,tooro
17,umibyewin,00E4,16.56.48,2019/04/24,Lulzaur
18,umibyewin,00E4,16.59.63,2019/04/24,baroque11
19,umibyewin,00E4,22.02.13,2019/04/24,Set Inuyama
20,umibyewin,00E4,28.01.60,2019/04/24,alcoer
1,umibyewin,0102,5.93,2019/04/24,guterham
2,umibyewin,0102,6.21,2019/04/24,子人
3,umibyewin,0102,6.48,2019/04/24,Nordanix
4,umibyewin,0102,6.63,2019/04/24,Ico
5,umibyewin,0102,6.66,2019/04/24,らむてが(Ramtieger)
6,umibyewin,0102,6.80,2019/04/24,akira
7,umibyewin,0102,6.86,2019/04/24,Sakiko
8,umibyewin,0102,6.88,2019/04/24,ama
9,umibyewin,0102,6.88,2019/04/24,cute_hikkychang
10,umibyewin,0102,6.91,2019/04/24,ふぁじい
11,umibyewin,0102,7.35,2019/04/24,KawaseFan
12,umibyewin,0102,7.36,2019/04/24,gori.sh
13,umibyewin,0102,7.45,2019/04/24,Akari Telepath
14,umibyewin,0102,7.51,2019/04/24,[deleted]
15,umibyewin,0102,7.71,2019/04/24,わあい
16,umibyewin,0102,7.85,2019/04/24,Quasar
17,umibyewin,0102,7.90,2019/04/24,real hero26753
18,umibyewin,0102,8.00,2019/04/24,Harucani
19,umibyewin,0102,8.46,2019/04/24,DMN34KP
20,umibyewin,0102,8.48,2019/04/24,tuneyloon
1,umibyewin,0203,4.61,2019/04/24,guterham
2,umibyewin,0203,4.63,2019/04/24,わあい
3,umibyewin,0203,4.71,2019/04/24,らむてが(Ramtieger)
4,umibyewin,0203,4.75,2019/04/24,Ico
5,umibyewin,0203,4.78,2019/04/24,watansu
6,umibyewin,0203,4.81,2019/04/24,cute_hikkychang
7,umibyewin,0203,4.85,2019/04/24,ふぁじい
8,umibyewin,0203,5.01,2019/04/24,tooro
9,umibyewin,0203,5.16,2019/04/24,Nordanix
10,umibyewin,0203,5.25,2019/04/24,Sakiko
11,umibyewin,0203,5.36,2019/04/24,gori.sh
12,umibyewin,0203,5.45,2019/04/24,Akari Telepath
13,umibyewin,0203,5.46,2019/04/24,あきつ
14,umibyewin,0203,5.53,2019/04/24,[deleted]
15,umibyewin,0203,5.66,2019/04/24,akira
16,umibyewin,0203,5.73,2019/04/24,moog
17,umibyewin,0203,5.90,2019/04/24,Quasar
18,umibyewin,0203,6.05,2019/04/24,ama
19,umibyewin,0203,10.51,2019/04/24,KawaseFan
20,umibyewin,0203,11.41,2019/04/24,cos
1,umibyewin,0304,5.90,2019/04/24,Ico
2,umibyewin,0304,5.90,2019/04/24,guterham
3,umibyewin,0304,5.91,2019/04/24,子人
4,umibyewin,0304,5.93,2019/04/24,Nordanix
5,umibyewin,0304,5.93,2019/04/24,cos
6,umibyewin,0304,5.95,2019/04/24,らむてが(Ramtieger)
7,umibyewin,0304,5.96,2019/04/24,KawaseFan
8,umibyewin,0304,5.96,2019/04/24,わあい
9,umibyewin,0304,6.01,2019/04/24,Sakiko
10,umibyewin,0304,6.01,2019/04/24,akira
11,umibyewin,0304,6.03,2019/04/24,gori.sh
12,umibyewin,0304,6.03,2019/04/24,ama
13,umibyewin,0304,6.05,2019/04/24,cute_hikkychang
14,umibyewin,0304,6.10,2019/04/24,OEDLEMMY
15,umibyewin,0304,6.13,2019/04/24,Harucani
16,umibyewin,0304,6.20,2019/04/24,[deleted]
17,umibyewin,0304,6.35,2019/04/24,Akari Telepath
18,umibyewin,0304,6.38,2019/04/24,real hero26753
19,umibyewin,0304,6.80,2019/04/24,tooro
20,umibyewin,0304,6.86,2019/04/24,monadetennis
1,umibyewin,0405,4.08,2019/04/24,cos
2,umibyewin,0405,4.15,2019/04/24,Ico
3,umibyewin,0405,4.18,2019/04/24,guterham
4,umibyewin,0405,4.20,2019/04/24,らむてが(Ramtieger)
5,umibyewin,0405,4.21,2019/04/24,Sakiko
6,umibyewin,0405,4.30,2019/04/24,gori.sh
7,umibyewin,0405,4.31,2019/04/24,わあい
8,umibyewin,0405,4.36,2019/04/24,Nordanix
9,umibyewin,0405,4.50,2019/04/24,akira
10,umibyewin,0405,4.53,2019/04/24,cute_hikkychang
11,umibyewin,0405,4.83,2019/04/24,ama
12,umibyewin,0405,4.93,2019/04/24,moog
13,umibyewin,0405,4.95,2019/04/24,KawaseFan
14,umibyewin,0405,5.01,2019/04/24,Akari Telepath
15,umibyewin,0405,5.21,2019/04/24,Quasar
16,umibyewin,0405,6.38,2019/04/24,enu405969
17,umibyewin,0405,6.81,2019/04/24,ふぁじい
18,umibyewin,0405,7.08,2019/04/24,[deleted]
19,umibyewin,0405,7.16,2019/04/24,gorugoru123
20,umibyewin,0405,7.45,2019/04/24,Harucani
1,umibyewin,0506,4.10,2019/04/24,guterham
2,umibyewin,0506,4.20,2019/04/24,gori.sh
3,umibyewin,0506,4.23,2019/04/24,KawaseFan
4,umibyewin,0506,4.25,2019/04/24,Nordanix
5,umibyewin,0506,4.25,2019/04/24,らむてが(Ramtieger)
6,umibyewin,0506,4.30,2019/04/24,Ico
7,umibyewin,0506,4.30,2019/04/24,ama
8,umibyewin,0506,4.30,2019/04/24,わあい
9,umibyewin,0506,4.35,2019/04/24,cute_hikkychang
10,umibyewin,0506,4.41,2019/04/24,あきつ
11,umibyewin,0506,4.41,2019/04/24,SE606
12,umibyewin,0506,4.45,2019/04/24,moog
13,umibyewin,0506,4.51,2019/04/24,cos
14,umibyewin,0506,4.61,2019/04/24,akira
15,umibyewin,0506,4.63,2019/04/24,Harucani
16,umibyewin,0506,4.66,2019/04/24,Akari Telepath
17,umibyewin,0506,4.73,2019/04/24,Quasar
18,umibyewin,0506,4.80,2019/04/24,Sakiko
19,umibyewin,0506,5.00,2019/04/24,[deleted]
20,umibyewin,0506,5.03,2019/04/24,tooro
1,umibyewin,0510,6.05,2019/04/24,ふぁじい
2,umibyewin,0510,6.06,2019/04/24,guterham
3,umibyewin,0510,6.35,2019/04/24,akira
4,umibyewin,0510,6.38,2019/04/24,gori.sh
5,umibyewin,0510,6.51,2019/04/24,わあい
6,umibyewin,0510,6.55,2019/04/24,SE606
7,umibyewin,0510,6.65,2019/04/24,cos
8,umibyewin,0510,6.68,2019/04/24,ama
9,umibyewin,0510,6.91,2019/04/24,らむてが(Ramtieger)
10,umibyewin,0510,7.16,2019/04/24,KawaseFan
11,umibyewin,0510,7.30,2019/04/24,Nordanix
12,umibyewin,0510,8.03,2019/04/24,Akari Telepath
13,umibyewin,0510,8.38,2019/04/24,Sakiko
14,umibyewin,0510,8.65,2019/04/24,cute_hikkychang
15,umibyewin,0510,9.06,2019/04/24,あきつ
16,umibyewin,0510,9.38,2019/04/24,Ico
17,umibyewin,0510,9.76,2019/04/24,hitstun
18,umibyewin,0510,10.26,2019/04/24,[deleted]
19,umibyewin,0510,10.98,2019/04/24,Set Inuyama
20,umibyewin,0510,11.78,2019/04/24,sol-alpha
1,umibyewin,0607,3.16,2019/04/24,guterham
2,umibyewin,0607,3.20,2019/04/24,cos
3,umibyewin,0607,3.20,2019/04/24,らむてが(Ramtieger)
4,umibyewin,0607,3.23,2019/04/24,ama
5,umibyewin,0607,3.25,2019/04/24,ふぁじい
6,umibyewin,0607,3.26,2019/04/24,Ico
7,umibyewin,0607,3.26,2019/04/24,Nordanix
8,umibyewin,0607,3.26,2019/04/24,わあい
9,umibyewin,0607,3.26,2019/04/24,tooro
10,umibyewin,0607,3.26,2019/04/24,akira
11,umibyewin,0607,3.28,2019/04/24,gori.sh
12,umibyewin,0607,3.28,2019/04/24,Sakiko
13,umibyewin,0607,3.31,2019/04/24,cute_hikkychang
14,umibyewin,0607,3.35,2019/04/24,Akari Telepath
15,umibyewin,0607,3.36,2019/04/24,KawaseFan
16,umibyewin,0607,3.38,2019/04/24,Harucani
17,umibyewin,0607,3.43,2019/04/24,Getter1
18,umibyewin,0607,3.48,2019/04/24,グロいうさぎ
19,umibyewin,0607,3.51,2019/04/24,real hero26753
20,umibyewin,0607,3.51,2019/04/24,あきつ
1,umibyewin,0708,5.50,2019/04/24,guterham
2,umibyewin,0708,5.56,2019/04/24,ふぁじい
3,umibyewin,0708,5.61,2019/04/24,cos
4,umibyewin,0708,5.63,2019/04/24,らむてが(Ramtieger)
5,umibyewin,0708,5.70,2019/04/24,gori.sh
6,umibyewin,0708,5.70,2019/04/24,わあい
7,umibyewin,0708,5.98,2019/04/24,Nordanix
8,umibyewin,0708,6.00,2019/04/24,Ico
9,umibyewin,0708,6.00,2019/04/24,moog
10,umibyewin,0708,6.08,2019/04/24,Harucani
11,umibyewin,0708,6.13,2019/04/24,Sakiko
12,umibyewin,0708,6.18,2019/04/24,ama
13,umibyewin,0708,6.30,2019/04/24,Akari Telepath
14,umibyewin,0708,6.31,2019/04/24,monadetennis
15,umibyewin,0708,6.31,2019/04/24,KawaseFan
16,umibyewin,0708,6.38,2019/04/24,akira
17,umibyewin,0708,6.50,2019/04/24,cute_hikkychang
18,umibyewin,0708,6.58,2019/04/24,Quasar
19,umibyewin,0708,6.80,2019/04/24,[deleted]
20,umibyewin,0708,7.61,2019/04/24,tuneyloon
1,umibyewin,0713,6.83,2019/04/24,guterham
2,umibyewin,0713,7.03,2019/04/24,akira
3,umibyewin,0713,7.28,2019/04/24,cute_hikkychang
4,umibyewin,0713,7.35,2019/04/24,らむてが(Ramtieger)
5,umibyewin,0713,7.35,2019/04/24,ふぁじい
6,umibyewin,0713,7.43,2019/04/24,わあい
7,umibyewin,0713,7.58,2019/04/24,gori.sh
8,umibyewin,0713,8.20,2019/04/24,moog
9,umibyewin,0713,8.51,2019/04/24,ama
10,umibyewin,0713,8.65,2019/04/24,Akari Telepath
11,umibyewin,0713,8.66,2019/04/24,あきつ
12,umibyewin,0713,9.00,2019/04/24,Nordanix
13,umibyewin,0713,9.41,2019/04/24,[deleted]
14,umibyewin,0713,9.53,2019/04/24,KawaseFan
15,umibyewin,0713,10.03,2019/04/24,Getter1
16,umibyewin,0713,10.10,2019/04/24,tat
17,umibyewin,0713,10.81,2019/04/24,yanotsuka
18,umibyewin,0713,14.38,2019/04/24,グロいうさぎ
19,umibyewin,0713,18.95,2019/04/24,Ico
20,umibyewin,0713,21.46,2019/04/24,hitstun
1,umibyewin,0809,5.11,2019/04/24,guterham
2,umibyewin,0809,5.20,2019/04/24,らむてが(Ramtieger)
3,umibyewin,0809,5.21,2019/04/24,cos
4,umibyewin,0809,5.25,2019/04/24,akira
5,umibyewin,0809,5.28,2019/04/24,gori.sh
6,umibyewin,0809,5.30,2019/04/24,ama
7,umibyewin,0809,5.31,2019/04/24,Nordanix
8,umibyewin,0809,5.31,2019/04/24,cute_hikkychang
9,umibyewin,0809,5.33,2019/04/24,Ico
10,umibyewin,0809,5.36,2019/04/24,わあい
11,umibyewin,0809,5.45,2019/04/24,Sakiko
12,umibyewin,0809,5.53,2019/04/24,Akari Telepath
13,umibyewin,0809,5.81,2019/04/24,KawaseFan
14,umibyewin,0809,6.10,2019/04/24,[deleted]
15,umibyewin,0809,6.15,2019/04/24,monadetennis
16,umibyewin,0809,6.16,2019/04/24,Quasar
17,umibyewin,0809,6.20,2019/04/24,tooro
18,umibyewin,0809,6.36,2019/04/24,Harucani
19,umibyewin,0809,6.85,2019/04/24,aby_2113[jp]
20,umibyewin,0809,9.53,2019/04/24,Karu
1,umibyewin,09E0,1.22.33,2019/04/24,グロいうさぎ
2,umibyewin,09E0,1.22.48,2019/04/24,guterham
3,umibyewin,09E0,1.22.83,2019/04/24,らむてが(Ramtieger)
4,umibyewin,09E0,1.23.21,2019/04/24,Ico
5,umibyewin,09E0,1.23.30,2019/04/24,Nordanix
6,umibyewin,09E0,1.24.61,2019/04/24,KawaseFan
7,umibyewin,09E0,1.24.78,2019/04/24,Sakiko
8,umibyewin,09E0,1.25.33,2019/04/24,Quasar
9,umibyewin,09E0,1.25.35,2019/04/24,わあい
10,umibyewin,09E0,1.26.21,2019/04/24,tooro
11,umibyewin,09E0,1.26.55,2019/04/24,ama
12,umibyewin,09E0,1.27.10,2019/04/24,kuramai
13,umibyewin,09E0,1.29.26,2019/04/24,子人
14,umibyewin,09E0,1.29.81,2019/04/24,PJ
15,umibyewin,09E0,1.31.21,2019/04/24,CLOON
16,umibyewin,09E0,1.31.60,2019/04/24,gori.sh
17,umibyewin,09E0,1.46.20,2019/04/24,akira
18,umibyewin,09E0,1.49.43,2019/04/24,hitstun
19,umibyewin,09E0,1.51.40,2019/05/29,ワカ
20,umibyewin,09E0,1.51.78,2019/04/24,ちーずまみれ
1,umibyewin,1011,4.45,2019/04/24,guterham
2,umibyewin,1011,5.16,2019/04/24,子人
3,umibyewin,1011,6.06,2019/04/24,ふぁじい
4,umibyewin,1011,6.13,2019/04/24,わあい
5,umibyewin,1011,12.53,2019/04/24,らむてが(Ramtieger)
6,umibyewin,1011,13.81,2019/04/24,Nordanix
7,umibyewin,1011,14.83,2019/04/24,gori.sh
8,umibyewin,1011,14.93,2019/04/24,ama
9,umibyewin,1011,17.03,2019/04/24,Akari Telepath
10,umibyewin,1011,17.05,2019/04/24,Ico
11,umibyewin,1011,17.60,2019/04/24,Bug
12,umibyewin,1011,19.58,2019/04/24,KawaseFan
13,umibyewin,1011,20.53,2019/04/24,cute_hikkychang
14,umibyewin,1011,22.40,2019/04/24,SDL2TLV
15,umibyewin,1011,23.41,2019/04/24,ko_ru_ku
16,umibyewin,1011,23.63,2019/04/24,[deleted]
17,umibyewin,1011,24.50,2019/04/24,sol-alpha
18,umibyewin,1011,24.60,2019/04/24,Sakiko
19,umibyewin,1011,25.10,2019/04/24,tooro
20,umibyewin,1011,25.36,2019/04/24,Set Inuyama
1,umibyewin,1112,5.70,2019/04/24,guterham
2,umibyewin,1112,5.83,2019/04/24,らむてが(Ramtieger)
3,umibyewin,1112,5.86,2019/04/24,わあい
4,umibyewin,1112,5.96,2019/04/24,gori.sh
5,umibyewin,1112,6.00,2019/04/24,SE606
6,umibyewin,1112,6.13,2019/04/24,Nordanix
7,umibyewin,1112,6.18,2019/04/24,cute_hikkychang
8,umibyewin,1112,6.40,2019/04/24,ama
9,umibyewin,1112,6.50,2019/04/24,Ico
10,umibyewin,1112,6.93,2019/04/24,KawaseFan
11,umibyewin,1112,6.96,2019/04/24,Akari Telepath
12,umibyewin,1112,7.18,2019/04/24,ゞ Tonny 〆
13,umibyewin,1112,7.20,2019/04/24,[deleted]
14,umibyewin,1112,7.51,2019/04/24,子人
15,umibyewin,1112,7.60,2019/04/24,enu405969
16,umibyewin,1112,7.66,2019/04/24,matumoti
17,umibyewin,1112,7.85,2019/04/24,Wanikun
18,umibyewin,1112,8.13,2019/04/24,justice fist
19,umibyewin,1112,8.38,2019/04/24,Sakiko
20,umibyewin,1112,8.83,2019/04/24,mokosu002
1,umibyewin,1216,3.25,2019/04/24,guterham
2,umibyewin,1216,3.30,2019/04/24,ふぁじい
3,umibyewin,1216,3.35,2019/04/24,らむてが(Ramtieger)
4,umibyewin,1216,4.03,2019/04/24,ama
5,umibyewin,1216,4.03,2019/04/24,SE606
6,umibyewin,1216,4.06,2019/04/24,gori.sh
7,umibyewin,1216,4.13,2019/04/24,Nordanix
8,umibyewin,1216,4.21,2019/04/24,Ico
9,umibyewin,1216,4.38,2019/04/24,tooro
10,umibyewin,1216,4.40,2019/04/24,ゞ Tonny 〆
11,umibyewin,1216,4.41,2019/04/24,わあい
12,umibyewin,1216,4.53,2019/04/24,Darkpan
13,umibyewin,1216,4.53,2019/04/24,matumoti
14,umibyewin,1216,4.73,2019/04/24,cute_hikkychang
15,umibyewin,1216,4.76,2019/04/24,[deleted]
16,umibyewin,1216,4.85,2019/04/24,Momothug
17,umibyewin,1216,5.08,2019/04/24,KawaseFan
18,umibyewin,1216,5.08,2019/04/24,SDL2TLV
19,umibyewin,1216,5.20,2019/04/24,Sakiko
20,umibyewin,1216,5.28,2019/06/07,kiyopejp
1,umibyewin,1251,6.26,2019/04/24,guterham
2,umibyewin,1251,6.88,2019/04/24,らむてが(Ramtieger)
3,umibyewin,1251,7.01,2019/04/24,akira
4,umibyewin,1251,7.15,2019/04/24,SE606
5,umibyewin,1251,7.45,2019/04/24,Nordanix
6,umibyewin,1251,7.61,2019/04/24,gori.sh
7,umibyewin,1251,8.13,2019/04/24,cute_hikkychang
8,umibyewin,1251,8.46,2019/04/24,ふぁじい
9,umibyewin,1251,8.50,2019/04/24,Akari Telepath
10,umibyewin,1251,8.73,2019/04/24,Ico
11,umibyewin,1251,8.88,2019/04/24,わあい
12,umibyewin,1251,9.21,2019/04/24,ama
13,umibyewin,1251,9.61,2019/04/24,Getter1
14,umibyewin,1251,9.88,2019/04/24,KawaseFan
15,umibyewin,1251,10.20,2019/04/24,DMN34KP
16,umibyewin,1251,10.46,2019/04/24,Set Inuyama
17,umibyewin,1251,10.63,2019/04/24,SDL2TLV
18,umibyewin,1251,10.65,2019/04/24,apczor
19,umibyewin,1251,11.43,2019/04/24,グロいうさぎ
20,umibyewin,1251,11.63,2019/04/24,Wanikun
1,umibyewin,1314,5.08,2019/04/24,guterham
2,umibyewin,1314,5.13,2019/04/24,gori.sh
3,umibyewin,1314,5.13,2019/04/24,akira
4,umibyewin,1314,5.16,2019/04/24,Nordanix
5,umibyewin,1314,5.16,2019/04/24,らむてが(Ramtieger)
6,umibyewin,1314,5.16,2019/04/24,ふぁじい
7,umibyewin,1314,5.18,2019/04/24,Akari Telepath
8,umibyewin,1314,5.26,2019/04/24,グロいうさぎ
9,umibyewin,1314,5.35,2019/04/24,SE606
10,umibyewin,1314,5.36,2019/04/24,ama
11,umibyewin,1314,5.46,2019/04/24,Ico
12,umibyewin,1314,5.48,2019/04/24,moog
13,umibyewin,1314,5.88,2019/04/24,cute_hikkychang
14,umibyewin,1314,6.00,2019/04/24,[deleted]
15,umibyewin,1314,6.15,2019/04/24,monadetennis
16,umibyewin,1314,6.21,2019/04/24,Sakiko
17,umibyewin,1314,6.85,2019/04/24,KawaseFan
18,umibyewin,1314,7.35,2019/04/24,hitstun
19,umibyewin,1314,7.40,2019/04/24,kiyopejp
20,umibyewin,1314,7.56,2019/04/24,SDL2TLV
1,umibyewin,1415,4.90,2019/04/24,guterham
2,umibyewin,1415,5.01,2019/04/24,ama
3,umibyewin,1415,5.03,2019/04/24,cute_hikkychang
4,umibyewin,1415,5.11,2019/04/24,Nordanix
5,umibyewin,1415,5.11,2019/04/24,ふぁじい
6,umibyewin,1415,5.15,2019/04/24,らむてが(Ramtieger)
7,umibyewin,1415,5.31,2019/04/24,わあい
8,umibyewin,1415,5.35,2019/04/24,Ico
9,umibyewin,1415,5.40,2019/04/24,gori.sh
10,umibyewin,1415,6.00,2019/04/24,cos
11,umibyewin,1415,6.56,2019/04/24,Akari Telepath
12,umibyewin,1415,6.75,2019/04/24,[deleted]
13,umibyewin,1415,6.95,2019/04/24,tooro
14,umibyewin,1415,7.21,2019/04/24,aby_2113[jp]
15,umibyewin,1415,7.31,2019/04/24,Harucani
16,umibyewin,1415,7.38,2019/04/24,justice fist
17,umibyewin,1415,7.63,2019/04/24,KawaseFan
18,umibyewin,1415,7.63,2019/07/08,Getter1
19,umibyewin,1415,7.88,2019/04/24,あきつ
20,umibyewin,1415,8.11,2019/04/24,MicroSphere
1,umibyewin,1522,6.93,2019/04/24,guterham
2,umibyewin,1522,7.31,2019/04/24,ふぁじい
3,umibyewin,1522,7.36,2019/04/24,Sakiko
4,umibyewin,1522,7.40,2019/04/24,Nordanix
5,umibyewin,1522,7.60,2019/04/24,Ico
6,umibyewin,1522,7.60,2019/04/24,gori.sh
7,umibyewin,1522,7.63,2019/04/24,らむてが(Ramtieger)
8,umibyewin,1522,7.80,2019/04/24,わあい
9,umibyewin,1522,7.85,2019/04/24,あきつ
10,umibyewin,1522,8.16,2019/04/24,ama
11,umibyewin,1522,8.61,2019/04/24,cute_hikkychang
12,umibyewin,1522,8.80,2019/04/24,KawaseFan
13,umibyewin,1522,9.08,2019/04/24,[deleted]
14,umibyewin,1522,10.55,2019/04/24,Luke_Breitner
15,umibyewin,1522,10.98,2019/04/24,sol-alpha
16,umibyewin,1522,11.13,2019/04/24,Stabim
17,umibyewin,1522,11.35,2019/04/24,天月 総司
18,umibyewin,1522,11.93,2019/04/24,MicroSphere
19,umibyewin,1522,12.23,2019/04/24,mint
20,umibyewin,1522,12.50,2019/04/24,badlose
1,umibyewin,1525,12.43,2019/04/24,guterham
2,umibyewin,1525,13.70,2019/04/24,らむてが(Ramtieger)
3,umibyewin,1525,14.23,2019/04/24,gori.sh
4,umibyewin,1525,14.41,2019/04/24,Nordanix
5,umibyewin,1525,14.90,2019/04/24,ふぁじい
6,umibyewin,1525,15.28,2019/04/24,わあい
7,umibyewin,1525,15.76,2019/04/24,Ico
8,umibyewin,1525,16.21,2019/04/24,あきつ
9,umibyewin,1525,17.53,2019/04/24,KawaseFan
10,umibyewin,1525,18.11,2019/04/24,ama
11,umibyewin,1525,19.05,2019/04/24,[deleted]
12,umibyewin,1525,26.50,2019/04/24,akira
13,umibyewin,1525,27.23,2019/04/24,cute_hikkychang
14,umibyewin,1525,29.78,2019/04/24,Stabim
15,umibyewin,1525,31.03,2019/04/24,sol-alpha
16,umibyewin,1525,32.85,2019/04/24,badlose
17,umibyewin,1525,37.58,2019/04/24,tooro
18,umibyewin,1525,42.30,2019/04/24,Harucani
19,umibyewin,1525,46.30,2019/04/24,Set Inuyama
20,umibyewin,1525,48.45,2019/04/24,SUICIDEbyNUMBER
1,umibyewin,1617,9.70,2019/04/24,guterham
2,umibyewin,1617,9.80,2019/04/24,ふぁじい
3,umibyewin,1617,10.13,2019/04/24,わあい
4,umibyewin,1617,10.38,2019/04/24,らむてが(Ramtieger)
5,umibyewin,1617,10.68,2019/04/24,ama
6,umibyewin,1617,11.23,2019/04/24,Nordanix
7,umibyewin,1617,11.93,2019/04/24,gori.sh
8,umibyewin,1617,12.16,2019/04/24,Akari Telepath
9,umibyewin,1617,13.41,2019/04/24,Ico
10,umibyewin,1617,13.65,2019/04/24,KawaseFan
11,umibyewin,1617,13.93,2019/04/24,Wanikun
12,umibyewin,1617,16.26,2019/04/24,[deleted]
13,umibyewin,1617,17.83,2019/04/24,Getter1
14,umibyewin,1617,18.58,2019/04/24,SDL2TLV
15,umibyewin,1617,19.88,2019/04/24,Marioscousins
16,umibyewin,1617,19.93,2019/04/24,Coelun
17,umibyewin,1617,22.71,2019/04/24,sol-alpha
18,umibyewin,1617,24.61,2019/04/24,siosatou
19,umibyewin,1617,25.51,2019/04/24,watansu
20,umibyewin,1617,25.86,2019/04/24,Stabim
1,umibyewin,1718,9.63,2019/04/24,guterham
2,umibyewin,1718,10.06,2019/04/24,わあい
3,umibyewin,1718,10.31,2019/04/24,Nordanix
4,umibyewin,1718,10.35,2019/04/24,ama
5,umibyewin,1718,10.35,2019/04/24,cute_hikkychang
6,umibyewin,1718,10.36,2019/04/24,らむてが(Ramtieger)
7,umibyewin,1718,10.45,2019/04/24,gori.sh
8,umibyewin,1718,10.46,2019/04/24,moog
9,umibyewin,1718,10.63,2019/04/24,Ico
10,umibyewin,1718,10.68,2019/04/24,Akari Telepath
11,umibyewin,1718,10.78,2019/04/24,KawaseFan
12,umibyewin,1718,11.45,2019/04/24,ゞ Tonny 〆
13,umibyewin,1718,14.25,2019/04/24,Wanikun
14,umibyewin,1718,18.45,2019/04/24,[deleted]
15,umibyewin,1718,20.95,2019/04/24,Getter1
16,umibyewin,1718,24.93,2019/04/24,onijirushi
17,umibyewin,1718,26.63,2019/04/24,ffviplayer
18,umibyewin,1718,29.21,2019/04/24,marurun
19,umibyewin,1718,30.80,2019/04/24,グロいうさぎ
20,umibyewin,1718,30.91,2019/04/24,sol-alpha
1,umibyewin,1819,3.05,2019/04/24,guterham
2,umibyewin,1819,3.06,2019/04/24,Ico
3,umibyewin,1819,3.06,2019/04/24,akira
4,umibyewin,1819,3.08,2019/04/24,moog
5,umibyewin,1819,3.08,2019/04/24,らむてが(Ramtieger)
6,umibyewin,1819,3.10,2019/04/24,Nordanix
7,umibyewin,1819,3.10,2019/04/24,ama
8,umibyewin,1819,3.11,2019/04/24,gori.sh
9,umibyewin,1819,3.11,2019/04/24,わあい
10,umibyewin,1819,3.11,2019/04/24,SE606
11,umibyewin,1819,3.13,2019/04/24,OEDLEMMY
12,umibyewin,1819,3.13,2019/04/24,watansu
13,umibyewin,1819,3.13,2019/04/24,tooro
14,umibyewin,1819,3.15,2019/04/24,Harucani
15,umibyewin,1819,3.18,2019/04/24,あきつ
16,umibyewin,1819,3.25,2019/04/24,KawaseFan
17,umibyewin,1819,3.25,2019/04/24,cute_hikkychang
18,umibyewin,1819,3.28,2019/04/24,Akari Telepath
19,umibyewin,1819,3.30,2019/04/24,ゞ Tonny 〆
20,umibyewin,1819,3.43,2019/04/24,onijirushi
1,umibyewin,1953,6.40,2019/04/24,guterham
2,umibyewin,1953,8.18,2019/04/24,らむてが(Ramtieger)
3,umibyewin,1953,8.36,2019/04/24,cute_hikkychang
4,umibyewin,1953,8.60,2019/04/24,moog
5,umibyewin,1953,8.81,2019/04/24,Nordanix
6,umibyewin,1953,9.43,2019/04/24,gori.sh
7,umibyewin,1953,9.66,2019/04/24,Sakiko
8,umibyewin,1953,9.68,2019/04/24,Akari Telepath
9,umibyewin,1953,9.75,2019/04/24,わあい
10,umibyewin,1953,10.25,2019/04/24,ama
11,umibyewin,1953,11.11,2019/04/24,Ico
12,umibyewin,1953,12.70,2019/04/24,Wanikun
13,umibyewin,1953,14.23,2019/04/24,SDL2TLV
14,umibyewin,1953,14.55,2019/04/24,[deleted]
15,umibyewin,1953,15.41,2019/04/24,ゞ Tonny 〆
16,umibyewin,1953,15.95,2019/04/24,matumoti
17,umibyewin,1953,17.81,2019/04/24,Getter1
18,umibyewin,1953,19.21,2019/04/24,hitstun
19,umibyewin,1953,20.95,2019/04/24,Coelun
20,umibyewin,1953,22.81,2019/04/24,KawaseFan
1,umibyewin,2021,12.43,2019/04/24,guterham
2,umibyewin,2021,12.48,2019/04/24,ふぁじい
3,umibyewin,2021,13.70,2019/04/24,Nordanix
4,umibyewin,2021,13.80,2019/04/24,cute_hikkychang
5,umibyewin,2021,14.08,2019/04/24,らむてが(Ramtieger)
6,umibyewin,2021,14.28,2019/04/24,わあい
7,umibyewin,2021,14.61,2019/04/24,Akari Telepath
8,umibyewin,2021,14.83,2019/04/24,gori.sh
9,umibyewin,2021,15.03,2019/04/24,Ico
10,umibyewin,2021,15.05,2019/04/24,KawaseFan
11,umibyewin,2021,16.20,2019/04/24,ゞ Tonny 〆
12,umibyewin,2021,16.70,2019/04/24,Sakiko
13,umibyewin,2021,17.43,2019/04/24,Getter1
14,umibyewin,2021,19.40,2019/04/24,kiyopejp
15,umibyewin,2021,20.20,2019/04/24,sol-alpha
16,umibyewin,2021,21.05,2019/04/24,K_Jin
17,umibyewin,2021,21.76,2019/04/24,Set Inuyama
18,umibyewin,2021,22.05,2019/04/24,hitstun
19,umibyewin,2021,22.45,2019/04/24,ama
20,umibyewin,2021,25.58,2019/04/24,Alcest
1,umibyewin,2037,12.76,2019/04/24,ふぁじい
2,umibyewin,2037,12.98,2019/04/24,guterham
3,umibyewin,2037,14.21,2019/04/24,cute_hikkychang
4,umibyewin,2037,14.88,2019/04/24,moog
5,umibyewin,2037,15.65,2019/04/24,Akari Telepath
6,umibyewin,2037,15.70,2019/04/24,らむてが(Ramtieger)
7,umibyewin,2037,16.06,2019/04/24,gori.sh
8,umibyewin,2037,16.20,2019/04/24,Nordanix
9,umibyewin,2037,16.45,2019/04/24,わあい
10,umibyewin,2037,18.53,2019/04/24,ama
11,umibyewin,2037,19.70,2019/04/24,tooro
12,umibyewin,2037,20.46,2019/04/24,Ico
13,umibyewin,2037,20.80,2019/04/24,KawaseFan
14,umibyewin,2037,23.60,2019/04/24,Getter1
15,umibyewin,2037,25.55,2019/04/24,hitstun
16,umibyewin,2037,26.88,2019/04/24,[deleted]
17,umibyewin,2037,26.90,2019/04/24,akira
18,umibyewin,2037,29.70,2019/04/24,Stabim
19,umibyewin,2037,30.46,2019/04/24,kiyopejp
20,umibyewin,2037,30.91,2019/04/24,Wanikun
1,umibyewin,21E1,21.60,2019/04/24,ama
2,umibyewin,21E1,21.75,2019/04/24,guterham
3,umibyewin,21E1,21.75,2019/04/24,グロいうさぎ
4,umibyewin,21E1,22.06,2019/04/24,Nordanix
5,umibyewin,21E1,23.13,2019/04/24,らむてが(Ramtieger)
6,umibyewin,21E1,25.25,2019/04/24,KawaseFan
7,umibyewin,21E1,25.96,2019/04/24,わあい
8,umibyewin,21E1,25.98,2019/04/24,Ico
9,umibyewin,21E1,26.25,2019/04/24,gori.sh
10,umibyewin,21E1,26.96,2019/04/24,Akari Telepath
11,umibyewin,21E1,27.43,2019/04/24,ゞ Tonny 〆
12,umibyewin,21E1,27.95,2019/04/24,Sakiko
13,umibyewin,21E1,29.26,2019/04/24,Getter1
14,umibyewin,21E1,30.00,2019/04/24,Wanikun
15,umibyewin,21E1,30.01,2019/04/24,hitstun
16,umibyewin,21E1,33.96,2019/04/24,toast7766
17,umibyewin,21E1,35.81,2019/04/24,Marioscousins
18,umibyewin,21E1,36.80,2019/04/24,Stabim
19,umibyewin,21E1,38.71,2019/04/24,sol-alpha
20,umibyewin,21E1,39.11,2019/04/24,Set Inuyama
1,umibyewin,2223,4.98,2019/04/24,guterham
2,umibyewin,2223,5.06,2019/04/24,らむてが(Ramtieger)
3,umibyewin,2223,5.13,2019/04/24,akira
4,umibyewin,2223,5.23,2019/04/24,Nordanix
5,umibyewin,2223,5.26,2019/04/24,ふぁじい
6,umibyewin,2223,5.28,2019/04/24,gori.sh
7,umibyewin,2223,5.31,2019/04/24,cos
8,umibyewin,2223,5.36,2019/04/24,ama
9,umibyewin,2223,5.38,2019/04/24,Akari Telepath
10,umibyewin,2223,5.48,2019/04/24,Sakiko
11,umibyewin,2223,5.71,2019/04/24,Ico
12,umibyewin,2223,5.98,2019/04/24,わあい
13,umibyewin,2223,6.16,2019/04/24,cute_hikkychang
14,umibyewin,2223,6.40,2019/04/24,KawaseFan
15,umibyewin,2223,8.10,2019/04/24,aby_2113[jp]
16,umibyewin,2223,8.16,2019/04/24,hitstun
17,umibyewin,2223,8.40,2019/04/24,Set Inuyama
18,umibyewin,2223,8.46,2019/04/24,justice fist
19,umibyewin,2223,8.53,2019/04/24,[deleted]
20,umibyewin,2223,8.58,2019/04/24,kichijitsu
1,umibyewin,2324,5.73,2019/04/24,guterham
2,umibyewin,2324,5.80,2019/04/24,ふぁじい
3,umibyewin,2324,5.85,2019/04/24,らむてが(Ramtieger)
4,umibyewin,2324,5.95,2019/04/24,akira
5,umibyewin,2324,6.01,2019/04/24,Akari Telepath
6,umibyewin,2324,6.06,2019/04/24,わあい
7,umibyewin,2324,6.18,2019/04/24,cute_hikkychang
8,umibyewin,2324,6.21,2019/04/24,gori.sh
9,umibyewin,2324,6.23,2019/04/24,Sakiko
10,umibyewin,2324,6.23,2019/04/24,Harucani
11,umibyewin,2324,6.55,2019/04/24,Nordanix
12,umibyewin,2324,6.71,2019/04/24,KawaseFan
13,umibyewin,2324,6.93,2019/04/24,ama
14,umibyewin,2324,7.38,2019/04/24,hitstun
15,umibyewin,2324,7.56,2019/04/24,Ico
16,umibyewin,2324,8.91,2019/04/24,[deleted]
17,umibyewin,2324,9.56,2019/04/24,toast7766
18,umibyewin,2324,9.83,2019/04/24,justice fist
19,umibyewin,2324,9.90,2019/04/24,ゃぎん
20,umibyewin,2324,10.61,2019/04/24,kichijitsu
1,umibyewin,2435,4.53,2019/04/24,guterham
2,umibyewin,2435,4.80,2019/04/24,gori.sh
3,umibyewin,2435,4.93,2019/04/24,ふぁじい
4,umibyewin,2435,5.01,2019/04/24,watansu
5,umibyewin,2435,5.03,2019/04/24,わあい
6,umibyewin,2435,5.13,2019/04/24,Nordanix
7,umibyewin,2435,5.21,2019/04/24,らむてが(Ramtieger)
8,umibyewin,2435,5.21,2019/04/24,akira
9,umibyewin,2435,5.35,2019/04/24,Harucani
10,umibyewin,2435,5.38,2019/04/24,cute_hikkychang
11,umibyewin,2435,5.48,2019/04/24,ama
12,umibyewin,2435,5.75,2019/04/24,Ico
13,umibyewin,2435,6.65,2019/04/24,[deleted]
14,umibyewin,2435,7.23,2019/04/24,gorugoru123
15,umibyewin,2435,8.05,2019/04/24,Akari Telepath
16,umibyewin,2435,8.58,2019/04/24,KawaseFan
17,umibyewin,2435,8.66,2019/04/24,hitstun
18,umibyewin,2435,9.06,2019/04/24,Sakiko
19,umibyewin,2435,10.16,2019/04/24,kazu.soap
20,umibyewin,2435,10.25,2019/04/24,Wanikun
1,umibyewin,2455,1.38,2019/04/24,Ico
2,umibyewin,2455,1.38,2019/04/24,gori.sh
3,umibyewin,2455,1.38,2019/04/24,guterham
4,umibyewin,2455,1.38,2019/04/24,らむてが(Ramtieger)
5,umibyewin,2455,1.38,2019/04/24,子人
6,umibyewin,2455,1.38,2019/04/24,enu405969
7,umibyewin,2455,1.40,2019/04/24,KawaseFan
8,umibyewin,2455,1.40,2019/04/24,ama
9,umibyewin,2455,1.40,2019/04/24,akira
10,umibyewin,2455,1.41,2019/04/24,Nordanix
11,umibyewin,2455,1.41,2019/04/24,TKDL
12,umibyewin,2455,1.41,2019/04/24,Dr.L
13,umibyewin,2455,1.43,2019/04/24,わあい
14,umibyewin,2455,1.45,2019/04/24,OEDLEMMY
15,umibyewin,2455,1.45,2019/04/24,SDL2TLV
16,umibyewin,2455,1.45,2019/04/24,Akari Telepath
17,umibyewin,2455,1.46,2019/04/24,Sakiko
18,umibyewin,2455,1.46,2019/04/24,cute_hikkychang
19,umibyewin,2455,1.48,2019/04/24,ふぁじい
20,umibyewin,2455,1.51,2019/04/24,Set Inuyama
1,umibyewin,2550,7.81,2019/04/24,guterham
2,umibyewin,2550,7.91,2019/04/24,らむてが(Ramtieger)
3,umibyewin,2550,8.15,2019/04/24,SE606
4,umibyewin,2550,8.18,2019/04/24,akira
5,umibyewin,2550,8.28,2019/04/24,ふぁじい
6,umibyewin,2550,8.33,2019/04/24,Nordanix
7,umibyewin,2550,8.36,2019/04/24,わあい
8,umibyewin,2550,8.58,2019/04/24,cute_hikkychang
9,umibyewin,2550,8.71,2019/04/24,Akari Telepath
10,umibyewin,2550,8.81,2019/04/24,gori.sh
11,umibyewin,2550,8.96,2019/04/24,Ico
12,umibyewin,2550,9.35,2019/04/24,ama
13,umibyewin,2550,10.71,2019/04/24,tooro
14,umibyewin,2550,11.13,2019/04/24,[deleted]
15,umibyewin,2550,12.31,2019/04/24,KawaseFan
16,umibyewin,2550,17.38,2019/04/24,SDL2TLV
17,umibyewin,2550,21.43,2019/04/24,hitstun
18,umibyewin,2550,25.66,2019/04/24,Marioscousins
19,umibyewin,2550,27.85,2019/04/24,sol-alpha
20,umibyewin,2550,28.60,2019/04/24,oto-fu[JP]
1,umibyewin,2627,4.65,2019/04/24,guterham
2,umibyewin,2627,4.70,2019/04/24,gori.sh
3,umibyewin,2627,4.73,2019/04/24,らむてが(Ramtieger)
4,umibyewin,2627,4.78,2019/04/24,わあい
5,umibyewin,2627,4.78,2019/04/24,Akari Telepath
6,umibyewin,2627,4.81,2019/04/24,KawaseFan
7,umibyewin,2627,4.85,2019/04/24,あきつ
8,umibyewin,2627,4.85,2019/04/24,ama
9,umibyewin,2627,4.91,2019/04/24,Nordanix
10,umibyewin,2627,4.96,2019/04/24,Ico
11,umibyewin,2627,5.11,2019/04/24,cute_hikkychang
12,umibyewin,2627,5.45,2019/04/24,tooro
13,umibyewin,2627,5.56,2019/04/24,Dr.L
14,umibyewin,2627,5.60,2019/04/24,グロいうさぎ
15,umibyewin,2627,5.63,2019/04/24,SDL2TLV
16,umibyewin,2627,6.06,2019/04/24,[deleted]
17,umibyewin,2627,6.66,2019/04/24,onijirushi
18,umibyewin,2627,6.80,2019/04/24,hitstun
19,umibyewin,2627,7.13,2019/05/20,hal900hp
20,umibyewin,2627,7.15,2019/04/24,Getter1
1,umibyewin,2728,37.60,2019/04/24,Ico
2,umibyewin,2728,37.60,2019/04/24,Nordanix
3,umibyewin,2728,37.60,2019/04/24,KawaseFan
4,umibyewin,2728,37.60,2019/04/24,OEDLEMMY
5,umibyewin,2728,37.60,2019/04/24,gori.sh
6,umibyewin,2728,37.60,2019/04/24,guterham
7,umibyewin,2728,37.60,2019/04/24,ama
8,umibyewin,2728,37.60,2019/04/24,グロいうさぎ
9,umibyewin,2728,37.60,2019/04/24,わあい
10,umibyewin,2728,37.60,2019/04/24,らむてが(Ramtieger)
11,umibyewin,2728,37.60,2019/04/24,子人
12,umibyewin,2728,37.76,2019/04/24,TEM
13,umibyewin,2728,37.96,2019/04/24,hitstun
14,umibyewin,2728,38.01,2019/04/24,あきつ
15,umibyewin,2728,38.06,2019/04/24,SDL2TLV
16,umibyewin,2728,38.11,2019/04/24,Akari Telepath
17,umibyewin,2728,38.13,2019/04/24,[deleted]
18,umibyewin,2728,38.13,2019/04/24,enu405969
19,umibyewin,2728,38.25,2019/04/24,ゃぎん
20,umibyewin,2728,38.40,2019/04/24,Delighted Oposs
1,umibyewin,2829,8.38,2019/04/24,guterham
2,umibyewin,2829,8.45,2019/04/24,ふぁじい
3,umibyewin,2829,8.50,2019/04/24,わあい
4,umibyewin,2829,8.90,2019/04/24,らむてが(Ramtieger)
5,umibyewin,2829,9.10,2019/04/24,SE606
6,umibyewin,2829,9.48,2019/04/24,Nordanix
7,umibyewin,2829,9.50,2019/04/24,ama
8,umibyewin,2829,9.51,2019/04/24,enu405969
9,umibyewin,2829,9.61,2019/04/24,gori.sh
10,umibyewin,2829,9.83,2019/04/24,Ico
11,umibyewin,2829,9.93,2019/06/07,hal900hp
12,umibyewin,2829,9.93,2019/04/24,Akari Telepath
13,umibyewin,2829,10.25,2019/04/24,KawaseFan
14,umibyewin,2829,10.65,2019/04/24,Wanikun
15,umibyewin,2829,11.26,2019/04/24,グロいうさぎ
16,umibyewin,2829,12.71,2019/04/24,Getter1
17,umibyewin,2829,13.05,2019/04/24,[deleted]
18,umibyewin,2829,13.35,2019/04/24,hitstun
19,umibyewin,2829,14.83,2019/04/24,Marioscousins
20,umibyewin,2829,15.10,2019/04/24,akira
1,umibyewin,2919,12.71,2019/04/24,guterham
2,umibyewin,2919,13.41,2019/04/24,ふぁじい
3,umibyewin,2919,13.46,2019/04/24,わあい
4,umibyewin,2919,13.70,2019/04/24,cute_hikkychang
5,umibyewin,2919,16.26,2019/04/24,らむてが(Ramtieger)
6,umibyewin,2919,16.40,2019/04/24,Nordanix
7,umibyewin,2919,16.61,2019/04/24,gori.sh
8,umibyewin,2919,16.76,2019/04/24,Akari Telepath
9,umibyewin,2919,18.00,2019/04/24,Ico
10,umibyewin,2919,19.50,2019/04/24,ama
11,umibyewin,2919,23.15,2019/04/24,KawaseFan
12,umibyewin,2919,23.90,2019/04/24,[deleted]
13,umibyewin,2919,26.68,2019/04/24,ffviplayer
14,umibyewin,2919,29.00,2019/04/24,sol-alpha
15,umibyewin,2919,34.88,2019/04/24,Sakiko
16,umibyewin,2919,40.31,2019/04/24,Set Inuyama
17,umibyewin,2919,43.83,2019/04/24,Stabim
18,umibyewin,2919,48.58,2019/04/24,tooro
19,umibyewin,2919,52.11,2019/04/24,ゃぎん
20,umibyewin,2919,57.38,2019/04/24,Qviss
1,umibyewin,2957,10.43,2019/04/24,guterham
2,umibyewin,2957,10.48,2019/04/24,ふぁじい
3,umibyewin,2957,12.18,2019/04/24,Nordanix
4,umibyewin,2957,12.18,2019/04/24,cute_hikkychang
5,umibyewin,2957,12.51,2019/04/24,らむてが(Ramtieger)
6,umibyewin,2957,13.05,2019/04/24,gori.sh
7,umibyewin,2957,13.25,2019/04/24,Akari Telepath
8,umibyewin,2957,13.33,2019/04/24,わあい
9,umibyewin,2957,13.68,2019/04/24,Ico
10,umibyewin,2957,13.88,2019/04/24,ama
11,umibyewin,2957,14.35,2019/04/24,Wanikun
12,umibyewin,2957,14.55,2019/04/24,KawaseFan
13,umibyewin,2957,16.13,2019/04/24,グロいうさぎ
14,umibyewin,2957,16.58,2019/04/24,akira
15,umibyewin,2957,20.26,2019/04/24,[deleted]
16,umibyewin,2957,21.18,2019/04/24,tooro
17,umibyewin,2957,23.43,2019/04/24,Marioscousins
18,umibyewin,2957,23.86,2019/04/24,ffviplayer
19,umibyewin,2957,25.53,2019/04/24,sol-alpha
20,umibyewin,2957,28.23,2019/04/24,Set Inuyama
1,umibyewin,3031,7.15,2019/04/24,ふぁじい
2,umibyewin,3031,7.16,2019/04/24,guterham
3,umibyewin,3031,7.55,2019/04/24,らむてが(Ramtieger)
4,umibyewin,3031,7.76,2019/04/24,わあい
5,umibyewin,3031,8.20,2019/04/24,gori.sh
6,umibyewin,3031,8.36,2019/04/24,cute_hikkychang
7,umibyewin,3031,8.43,2019/04/24,ama
8,umibyewin,3031,9.03,2019/04/24,Nordanix
9,umibyewin,3031,9.18,2019/04/24,Ico
10,umibyewin,3031,10.95,2019/04/24,Akari Telepath
11,umibyewin,3031,11.46,2019/04/24,KawaseFan
12,umibyewin,3031,12.23,2019/04/24,Getter1
13,umibyewin,3031,12.25,2019/04/24,Wanikun
14,umibyewin,3031,12.41,2019/04/24,[deleted]
15,umibyewin,3031,15.06,2019/04/24,グロいうさぎ
16,umibyewin,3031,15.56,2019/04/24,sol-alpha
17,umibyewin,3031,16.70,2019/04/24,課長 Dan
18,umibyewin,3031,18.36,2019/04/24,batfax
19,umibyewin,3031,18.43,2019/04/24,Stabim
20,umibyewin,3031,18.60,2019/04/24,Sakiko
1,umibyewin,3132,7.88,2019/04/24,guterham
2,umibyewin,3132,7.98,2019/04/24,gori.sh
3,umibyewin,3132,8.20,2019/04/24,わあい
4,umibyewin,3132,8.48,2019/04/24,cute_hikkychang
5,umibyewin,3132,8.56,2019/04/24,らむてが(Ramtieger)
6,umibyewin,3132,8.95,2019/04/24,ama
7,umibyewin,3132,9.40,2019/04/24,Nordanix
8,umibyewin,3132,9.58,2019/04/24,Ico
9,umibyewin,3132,10.68,2019/04/24,KawaseFan
10,umibyewin,3132,10.73,2019/04/24,Akari Telepath
11,umibyewin,3132,11.88,2019/04/24,cos
12,umibyewin,3132,12.20,2019/04/24,[deleted]
13,umibyewin,3132,12.68,2019/04/24,Sakiko
14,umibyewin,3132,12.90,2019/04/24,Harucani
15,umibyewin,3132,13.81,2019/04/24,グロいうさぎ
16,umibyewin,3132,15.78,2019/04/24,toast7766
17,umibyewin,3132,17.33,2019/04/24,Getter1
18,umibyewin,3132,17.50,2019/04/24,ffviplayer
19,umibyewin,3132,18.30,2019/04/24,onijirushi
20,umibyewin,3132,18.31,2019/05/20,hal900hp
1,umibyewin,3233,8.18,2019/04/24,guterham
2,umibyewin,3233,8.41,2019/04/24,わあい
3,umibyewin,3233,8.56,2019/04/24,らむてが(Ramtieger)
4,umibyewin,3233,8.88,2019/04/24,gori.sh
5,umibyewin,3233,8.91,2019/04/24,moog
6,umibyewin,3233,9.10,2019/04/24,ふぁじい
7,umibyewin,3233,9.15,2019/04/24,Sakiko
8,umibyewin,3233,9.18,2019/04/24,ama
9,umibyewin,3233,9.46,2019/04/24,Nordanix
10,umibyewin,3233,9.51,2019/04/24,cute_hikkychang
11,umibyewin,3233,10.13,2019/04/24,グロいうさぎ
12,umibyewin,3233,10.63,2019/04/24,Ico
13,umibyewin,3233,10.68,2019/04/24,KawaseFan
14,umibyewin,3233,11.35,2019/04/24,[deleted]
15,umibyewin,3233,11.51,2019/04/24,Wanikun
16,umibyewin,3233,12.40,2019/04/24,Getter1
17,umibyewin,3233,13.08,2019/04/24,Stabim
18,umibyewin,3233,13.66,2019/04/24,Coelun
19,umibyewin,3233,14.66,2019/04/24,akira
20,umibyewin,3233,15.20,2019/04/24,sol-alpha
1,umibyewin,3242,12.25,2019/04/24,guterham
2,umibyewin,3242,14.40,2019/04/24,らむてが(Ramtieger)
3,umibyewin,3242,16.05,2019/04/24,わあい
4,umibyewin,3242,16.11,2019/04/24,moog
5,umibyewin,3242,16.30,2019/04/24,Nordanix
6,umibyewin,3242,17.61,2019/04/24,ふぁじい
7,umibyewin,3242,18.33,2019/04/24,gori.sh
8,umibyewin,3242,19.18,2019/04/24,Ico
9,umibyewin,3242,19.50,2019/04/24,ama
10,umibyewin,3242,19.68,2019/04/24,Akari Telepath
11,umibyewin,3242,19.88,2019/04/24,akira
12,umibyewin,3242,19.95,2019/04/24,KawaseFan
13,umibyewin,3242,22.01,2019/04/24,tooro
14,umibyewin,3242,22.70,2019/04/24,Getter1
15,umibyewin,3242,24.65,2019/04/24,watansu
16,umibyewin,3242,25.58,2019/04/24,cute_hikkychang
17,umibyewin,3242,27.98,2019/04/24,[deleted]
18,umibyewin,3242,28.41,2019/04/24,LordWax
19,umibyewin,3242,28.91,2019/04/24,marurun
20,umibyewin,3242,31.66,2019/04/24,Karu
1,umibyewin,3334,7.98,2019/04/24,guterham
2,umibyewin,3334,11.01,2019/04/24,Akari Telepath
3,umibyewin,3334,11.53,2019/04/24,グロいうさぎ
4,umibyewin,3334,11.86,2019/04/24,Ico
5,umibyewin,3334,11.86,2019/04/24,わあい
6,umibyewin,3334,12.03,2019/04/24,Nordanix
7,umibyewin,3334,12.61,2019/04/24,gori.sh
8,umibyewin,3334,14.58,2019/04/24,ama
9,umibyewin,3334,15.26,2019/04/24,KawaseFan
10,umibyewin,3334,15.65,2019/04/24,らむてが(Ramtieger)
11,umibyewin,3334,24.98,2019/04/24,おるとEX
12,umibyewin,3334,25.20,2019/04/24,ゃぎん
13,umibyewin,3334,25.41,2019/04/24,[deleted]
14,umibyewin,3334,26.66,2019/04/24,Getter1
15,umibyewin,3334,27.85,2019/04/24,sol-alpha
16,umibyewin,3334,29.90,2019/04/24,shicky256
17,umibyewin,3334,31.01,2019/04/24,MicroSphere
18,umibyewin,3334,31.08,2019/04/24,segaminn
19,umibyewin,3334,31.91,2019/04/24,Coelun
20,umibyewin,3334,36.35,2019/04/24,Stabim
1,umibyewin,34E2,7.63,2019/04/24,guterham
2,umibyewin,34E2,8.08,2019/04/24,Nordanix
3,umibyewin,34E2,8.38,2019/04/24,らむてが(Ramtieger)
4,umibyewin,34E2,8.88,2019/04/24,Akari Telepath
5,umibyewin,34E2,9.50,2019/04/24,ふぁじい
6,umibyewin,34E2,9.78,2019/04/24,gori.sh
7,umibyewin,34E2,10.41,2019/04/24,KawaseFan
8,umibyewin,34E2,10.78,2019/04/24,OEDLEMMY
9,umibyewin,34E2,11.40,2019/04/24,SDL2TLV
10,umibyewin,34E2,11.85,2019/04/24,Wanikun
11,umibyewin,34E2,12.13,2019/04/24,Ico
12,umibyewin,34E2,13.71,2019/04/24,グロいうさぎ
13,umibyewin,34E2,16.60,2019/04/24,moog
14,umibyewin,34E2,16.98,2019/04/24,MicroSphere
15,umibyewin,34E2,17.50,2019/04/24,nextlevelman
16,umibyewin,34E2,19.61,2019/04/24,ama
17,umibyewin,34E2,19.73,2019/04/24,PJ
18,umibyewin,34E2,21.11,2019/04/24,onijirushi
19,umibyewin,34E2,22.26,2019/04/24,HogeJiro
20,umibyewin,34E2,22.43,2019/04/24,tooro
1,umibyewin,3536,8.45,2019/04/24,guterham
2,umibyewin,3536,9.18,2019/04/24,KawaseFan
3,umibyewin,3536,9.26,2019/04/24,Nordanix
4,umibyewin,3536,9.43,2019/04/24,Ico
5,umibyewin,3536,9.50,2019/04/24,moog
6,umibyewin,3536,9.58,2019/04/24,らむてが(Ramtieger)
7,umibyewin,3536,9.90,2019/04/24,Akari Telepath
8,umibyewin,3536,10.01,2019/04/24,Harucani
9,umibyewin,3536,10.56,2019/04/24,あきつ
10,umibyewin,3536,11.23,2019/04/24,おるとEX
11,umibyewin,3536,11.30,2019/04/24,gori.sh
12,umibyewin,3536,11.70,2019/04/24,ama
13,umibyewin,3536,12.41,2019/04/24,ffviplayer
14,umibyewin,3536,12.46,2019/04/24,Getter1
15,umibyewin,3536,12.50,2019/04/24,enu405969
16,umibyewin,3536,12.76,2019/04/24,Coelun
17,umibyewin,3536,13.03,2019/04/24,apczor
18,umibyewin,3536,15.46,2019/04/24,sol-alpha
19,umibyewin,3536,15.76,2019/04/24,marurun
20,umibyewin,3536,16.13,2019/04/24,わあい
1,umibyewin,3637,9.86,2019/04/24,guterham
2,umibyewin,3637,10.60,2019/04/24,らむてが(Ramtieger)
3,umibyewin,3637,10.85,2019/04/24,Nordanix
4,umibyewin,3637,10.91,2019/04/24,わあい
5,umibyewin,3637,11.03,2019/04/24,moog
6,umibyewin,3637,11.18,2019/04/24,gori.sh
7,umibyewin,3637,11.68,2019/04/24,Akari Telepath
8,umibyewin,3637,12.03,2019/04/24,ama
9,umibyewin,3637,12.13,2019/04/24,cute_hikkychang
10,umibyewin,3637,12.73,2019/04/24,あきつ
11,umibyewin,3637,12.85,2019/04/24,Ico
12,umibyewin,3637,13.78,2019/04/24,KawaseFan
13,umibyewin,3637,15.88,2019/04/24,akira
14,umibyewin,3637,18.28,2019/04/24,enu405969
15,umibyewin,3637,19.68,2019/04/24,umekichimaximam
16,umibyewin,3637,21.26,2019/04/24,Getter1
17,umibyewin,3637,21.55,2019/04/24,tooro
18,umibyewin,3637,21.80,2019/04/24,gorugoru123
19,umibyewin,3637,24.11,2019/04/24,Karu
20,umibyewin,3637,28.80,2019/04/24,ふぁじい
1,umibyewin,3738,11.46,2019/04/24,guterham
2,umibyewin,3738,11.85,2019/04/24,らむてが(Ramtieger)
3,umibyewin,3738,12.25,2019/04/24,gori.sh
4,umibyewin,3738,12.28,2019/04/24,cute_hikkychang
5,umibyewin,3738,12.43,2019/04/24,moog
6,umibyewin,3738,12.90,2019/04/24,Akari Telepath
7,umibyewin,3738,12.98,2019/04/24,Nordanix
8,umibyewin,3738,13.38,2019/04/24,Ico
9,umibyewin,3738,13.76,2019/04/24,Wanikun
10,umibyewin,3738,13.83,2019/04/24,ama
11,umibyewin,3738,14.25,2019/04/24,わあい
12,umibyewin,3738,14.40,2019/04/24,KawaseFan
13,umibyewin,3738,15.63,2019/04/24,matumoti
14,umibyewin,3738,20.00,2019/04/24,Marioscousins
15,umibyewin,3738,20.06,2019/04/24,Getter1
16,umibyewin,3738,20.08,2019/04/24,akira
17,umibyewin,3738,20.60,2019/04/24,onijirushi
18,umibyewin,3738,21.50,2019/04/24,Stabim
19,umibyewin,3738,22.80,2019/04/24,Karu
20,umibyewin,3738,23.40,2019/04/24,Set Inuyama
1,umibyewin,3841,4.85,2019/04/24,guterham
2,umibyewin,3841,4.86,2019/04/24,ふぁじい
3,umibyewin,3841,4.91,2019/04/24,gori.sh
4,umibyewin,3841,4.93,2019/04/24,Nordanix
5,umibyewin,3841,4.93,2019/04/24,らむてが(Ramtieger)
6,umibyewin,3841,4.96,2019/04/24,KawaseFan
7,umibyewin,3841,4.96,2019/04/24,cute_hikkychang
8,umibyewin,3841,5.00,2019/04/24,moog
9,umibyewin,3841,5.01,2019/04/24,わあい
10,umibyewin,3841,5.11,2019/04/24,ama
11,umibyewin,3841,5.21,2019/04/24,Dr.L
12,umibyewin,3841,5.23,2019/04/24,あきつ
13,umibyewin,3841,5.25,2019/04/24,Ico
14,umibyewin,3841,5.26,2019/04/24,Akari Telepath
15,umibyewin,3841,5.33,2019/04/24,グロいうさぎ
16,umibyewin,3841,5.33,2019/04/24,Harucani
17,umibyewin,3841,6.25,2019/04/24,enu405969
18,umibyewin,3841,6.73,2019/04/24,Wanikun
19,umibyewin,3841,8.65,2019/04/24,Marioscousins
20,umibyewin,3841,8.95,2019/04/24,SDL2TLV
1,umibyewin,3847,7.88,2019/04/24,guterham
2,umibyewin,3847,8.35,2019/04/24,ふぁじい
3,umibyewin,3847,8.55,2019/04/24,Nordanix
4,umibyewin,3847,8.91,2019/04/24,gori.sh
5,umibyewin,3847,9.01,2019/04/24,わあい
6,umibyewin,3847,9.46,2019/04/24,moog
7,umibyewin,3847,9.68,2019/04/24,Akari Telepath
8,umibyewin,3847,10.05,2019/04/24,KawaseFan
9,umibyewin,3847,11.23,2019/04/24,ama
10,umibyewin,3847,12.18,2019/04/24,Ico
11,umibyewin,3847,12.25,2019/04/24,らむてが(Ramtieger)
12,umibyewin,3847,12.38,2019/04/24,cute_hikkychang
13,umibyewin,3847,13.80,2019/04/24,enu405969
14,umibyewin,3847,14.46,2019/04/24,akira
15,umibyewin,3847,14.51,2019/04/24,Wanikun
16,umibyewin,3847,15.61,2019/04/24,SDL2TLV
17,umibyewin,3847,18.05,2019/04/24,Karu
18,umibyewin,3847,19.70,2019/04/24,あきつ
19,umibyewin,3847,20.16,2019/04/24,sol-alpha
20,umibyewin,3847,20.41,2019/04/24,tooro
1,umibyewin,3940,6.76,2019/04/24,guterham
2,umibyewin,3940,6.81,2019/04/24,akira
3,umibyewin,3940,6.85,2019/04/24,cute_hikkychang
4,umibyewin,3940,6.88,2019/04/24,らむてが(Ramtieger)
5,umibyewin,3940,6.88,2019/04/24,ふぁじい
6,umibyewin,3940,7.06,2019/04/24,わあい
7,umibyewin,3940,7.15,2019/04/24,gori.sh
8,umibyewin,3940,7.23,2019/04/24,Nordanix
9,umibyewin,3940,7.26,2019/04/24,SE606
10,umibyewin,3940,7.35,2019/04/24,Akari Telepath
11,umibyewin,3940,7.48,2019/04/24,moog
12,umibyewin,3940,8.11,2019/04/24,ama
13,umibyewin,3940,8.90,2019/04/24,Ico
14,umibyewin,3940,9.86,2019/04/24,KawaseFan
15,umibyewin,3940,11.23,2019/04/24,aby_2113[jp]
16,umibyewin,3940,11.45,2019/05/07,gpbear4
17,umibyewin,3940,11.91,2019/04/24,Getter1
18,umibyewin,3940,11.96,2019/04/24,Stabim
19,umibyewin,3940,12.00,2019/04/24,ffviplayer
20,umibyewin,3940,12.16,2019/04/24,badlose
1,umibyewin,4041,10.83,2019/04/24,guterham
2,umibyewin,4041,11.00,2019/04/24,らむてが(Ramtieger)
3,umibyewin,4041,11.61,2019/04/24,moog
4,umibyewin,4041,11.73,2019/04/24,gori.sh
5,umibyewin,4041,12.18,2019/04/24,cute_hikkychang
6,umibyewin,4041,12.23,2019/04/24,Nordanix
7,umibyewin,4041,12.58,2019/04/24,わあい
8,umibyewin,4041,12.81,2019/04/24,ama
9,umibyewin,4041,13.35,2019/04/24,Ico
10,umibyewin,4041,14.53,2019/04/24,KawaseFan
11,umibyewin,4041,15.35,2019/04/24,SDL2TLV
12,umibyewin,4041,17.05,2019/04/24,グロいうさぎ
13,umibyewin,4041,21.01,2019/04/24,watansu
14,umibyewin,4041,21.80,2019/04/24,Getter1
15,umibyewin,4041,22.00,2019/04/24,Stabim
16,umibyewin,4041,24.31,2019/04/24,Karu
17,umibyewin,4041,25.38,2019/04/24,Set Inuyama
18,umibyewin,4041,29.13,2019/04/24,sol-alpha
19,umibyewin,4041,30.03,2019/04/24,badlose
20,umibyewin,4041,30.15,2019/04/24,akira
1,umibyewin,4158,5.58,2019/04/24,guterham
2,umibyewin,4158,5.78,2019/04/24,らむてが(Ramtieger)
3,umibyewin,4158,5.81,2019/04/24,gori.sh
4,umibyewin,4158,6.46,2019/04/24,moog
5,umibyewin,4158,6.68,2019/04/24,Nordanix
6,umibyewin,4158,6.71,2019/04/24,matumoti
7,umibyewin,4158,6.73,2019/04/24,わあい
8,umibyewin,4158,6.80,2019/04/24,Ico
9,umibyewin,4158,6.83,2019/04/24,LordWax
10,umibyewin,4158,6.83,2019/06/14,j. valentine
11,umibyewin,4158,6.83,2019/04/24,Wanikun
12,umibyewin,4158,6.88,2019/04/24,Karu
13,umibyewin,4158,6.91,2019/04/24,Getter1
14,umibyewin,4158,7.01,2019/04/24,kiyopejp
15,umibyewin,4158,7.06,2019/04/24,KawaseFan
16,umibyewin,4158,7.26,2019/04/24,ffviplayer
17,umibyewin,4158,7.45,2019/04/24,Stabim
18,umibyewin,4158,7.46,2019/04/24,monadetennis
19,umibyewin,4158,7.50,2019/04/24,hako
20,umibyewin,4158,7.61,2019/04/24,sol-alpha
1,umibyewin,4243,13.15,2019/04/24,guterham
2,umibyewin,4243,14.41,2019/04/24,gori.sh
3,umibyewin,4243,14.50,2019/04/24,ふぁじい
4,umibyewin,4243,14.80,2019/04/24,わあい
5,umibyewin,4243,15.00,2019/04/24,SE606
6,umibyewin,4243,15.35,2019/04/24,cute_hikkychang
7,umibyewin,4243,15.48,2019/04/24,Nordanix
8,umibyewin,4243,15.55,2019/04/24,らむてが(Ramtieger)
9,umibyewin,4243,15.56,2019/04/24,moog
10,umibyewin,4243,16.81,2019/04/24,akira
11,umibyewin,4243,17.18,2019/04/24,ama
12,umibyewin,4243,18.00,2019/04/24,Akari Telepath
13,umibyewin,4243,21.73,2019/04/24,KawaseFan
14,umibyewin,4243,27.40,2019/04/24,SDL2TLV
15,umibyewin,4243,27.96,2019/04/24,Ico
16,umibyewin,4243,38.66,2019/04/24,Wanikun
17,umibyewin,4243,43.83,2019/04/24,sol-alpha
18,umibyewin,4243,44.95,2019/04/24,Stabim
19,umibyewin,4243,47.08,2019/04/24,ko_ru_ku
20,umibyewin,4243,47.53,2019/04/24,Coelun
1,umibyewin,4354,8.58,2019/04/24,guterham
2,umibyewin,4354,8.73,2019/04/24,ふぁじい
3,umibyewin,4354,8.90,2019/04/24,らむてが(Ramtieger)
4,umibyewin,4354,9.61,2019/04/24,Nordanix
5,umibyewin,4354,9.65,2019/04/24,cute_hikkychang
6,umibyewin,4354,9.98,2019/04/24,moog
7,umibyewin,4354,10.06,2019/04/24,ama
8,umibyewin,4354,10.13,2019/04/24,gori.sh
9,umibyewin,4354,11.20,2019/04/24,わあい
10,umibyewin,4354,13.53,2019/04/24,Ico
11,umibyewin,4354,14.51,2019/04/24,KawaseFan
12,umibyewin,4354,16.13,2019/04/24,SDL2TLV
13,umibyewin,4354,18.60,2019/04/24,Stabim
14,umibyewin,4354,19.63,2019/04/24,gorugoru123
15,umibyewin,4354,20.25,2019/04/24,toast7766
16,umibyewin,4354,21.06,2019/04/24,Coelun
17,umibyewin,4354,21.65,2019/04/24,tat
18,umibyewin,4354,22.70,2019/04/24,sol-alpha
19,umibyewin,4354,26.93,2019/04/24,SUICIDEbyNUMBER
20,umibyewin,4354,28.50,2019/04/24,Getter1
1,umibyewin,4445,3.83,2019/04/24,guterham
2,umibyewin,4445,3.85,2019/04/24,らむてが(Ramtieger)
3,umibyewin,4445,3.85,2019/04/24,ふぁじい
4,umibyewin,4445,3.88,2019/04/24,Nordanix
5,umibyewin,4445,3.90,2019/04/24,KawaseFan
6,umibyewin,4445,3.90,2019/04/24,ama
7,umibyewin,4445,3.91,2019/04/24,moog
8,umibyewin,4445,3.93,2019/04/24,gori.sh
9,umibyewin,4445,3.95,2019/04/24,cute_hikkychang
10,umibyewin,4445,3.98,2019/04/24,Ico
11,umibyewin,4445,3.98,2019/04/24,Harucani
12,umibyewin,4445,4.03,2019/04/24,あきつ
13,umibyewin,4445,4.03,2019/04/24,わあい
14,umibyewin,4445,4.10,2019/04/24,Akari Telepath
15,umibyewin,4445,4.45,2019/04/24,matumoti
16,umibyewin,4445,4.61,2019/04/24,SDL2TLV
17,umibyewin,4445,4.63,2019/04/24,Getter1
18,umibyewin,4445,4.71,2019/04/24,ffviplayer
19,umibyewin,4445,4.90,2019/04/24,MicroSphere
20,umibyewin,4445,5.60,2019/04/24,Coelun
1,umibyewin,4546,7.88,2019/04/24,guterham
2,umibyewin,4546,7.95,2019/04/24,tooro
3,umibyewin,4546,10.15,2019/04/24,わあい
4,umibyewin,4546,10.80,2019/04/24,Nordanix
5,umibyewin,4546,10.85,2019/04/24,らむてが(Ramtieger)
6,umibyewin,4546,11.00,2019/04/24,Ico
7,umibyewin,4546,11.06,2019/04/24,cute_hikkychang
8,umibyewin,4546,11.11,2019/04/24,gori.sh
9,umibyewin,4546,11.30,2019/04/24,moog
10,umibyewin,4546,12.38,2019/04/24,Wanikun
11,umibyewin,4546,15.20,2019/04/24,KawaseFan
12,umibyewin,4546,16.93,2019/04/24,gorugoru123
13,umibyewin,4546,17.46,2019/04/24,[deleted]
14,umibyewin,4546,18.26,2019/04/24,ffviplayer
15,umibyewin,4546,22.60,2019/04/24,sol-alpha
16,umibyewin,4546,23.03,2019/04/24,Akari Telepath
17,umibyewin,4546,25.76,2019/04/24,kichijitsu
18,umibyewin,4546,28.76,2019/04/24,Darkpan
19,umibyewin,4546,33.26,2019/04/24,w4y
20,umibyewin,4546,35.75,2019/04/24,Getter1
1,umibyewin,46E4,23.83,2019/04/24,guterham
2,umibyewin,46E4,27.48,2019/04/24,Nordanix
3,umibyewin,46E4,27.75,2019/04/24,ふぁじい
4,umibyewin,46E4,28.28,2019/04/24,らむてが(Ramtieger)
5,umibyewin,46E4,28.86,2019/04/24,おるとEX
6,umibyewin,46E4,30.05,2019/04/24,TKDL
7,umibyewin,46E4,30.18,2019/04/24,ama
8,umibyewin,46E4,30.68,2019/04/24,Ico
9,umibyewin,46E4,30.85,2019/04/24,KawaseFan
10,umibyewin,46E4,31.20,2019/04/24,わあい
11,umibyewin,46E4,31.53,2019/04/24,Wanikun
12,umibyewin,46E4,33.55,2019/04/24,Akari Telepath
13,umibyewin,46E4,34.53,2019/04/24,akira
14,umibyewin,46E4,34.86,2019/04/24,matumoti
15,umibyewin,46E4,35.55,2019/04/24,ffviplayer
16,umibyewin,46E4,36.76,2019/04/24,グロいうさぎ
17,umibyewin,46E4,43.95,2019/04/24,SDL2TLV
18,umibyewin,46E4,46.13,2019/04/24,yontanhaa
19,umibyewin,46E4,47.90,2019/05/07,bob_no1110patim
20,umibyewin,46E4,49.46,2019/04/24,sol-alpha
1,umibyewin,4748,5.20,2019/04/24,guterham
2,umibyewin,4748,5.41,2019/04/24,らむてが(Ramtieger)
3,umibyewin,4748,5.48,2019/04/24,cute_hikkychang
4,umibyewin,4748,5.50,2019/04/24,gori.sh
5,umibyewin,4748,5.51,2019/04/24,Nordanix
6,umibyewin,4748,5.56,2019/04/24,KawaseFan
7,umibyewin,4748,5.56,2019/04/24,ふぁじい
8,umibyewin,4748,5.58,2019/04/24,moog
9,umibyewin,4748,5.58,2019/04/24,ama
10,umibyewin,4748,5.61,2019/04/24,わあい
11,umibyewin,4748,5.73,2019/04/24,Akari Telepath
12,umibyewin,4748,5.75,2019/04/24,Harucani
13,umibyewin,4748,5.76,2019/04/24,akira
14,umibyewin,4748,5.98,2019/04/24,あきつ
15,umibyewin,4748,6.78,2019/04/24,Ico
16,umibyewin,4748,7.90,2019/04/24,Wanikun
17,umibyewin,4748,8.41,2019/04/24,グロいうさぎ
18,umibyewin,4748,8.63,2019/04/24,Stabim
19,umibyewin,4748,8.98,2019/04/24,ffviplayer
20,umibyewin,4748,9.16,2019/04/24,ティニー
1,umibyewin,4859,8.30,2019/04/24,guterham
2,umibyewin,4859,8.73,2019/04/24,らむてが(Ramtieger)
3,umibyewin,4859,9.15,2019/04/24,moog
4,umibyewin,4859,9.38,2019/04/24,cute_hikkychang
5,umibyewin,4859,9.43,2019/04/24,Nordanix
6,umibyewin,4859,10.15,2019/04/24,わあい
7,umibyewin,4859,10.83,2019/04/24,ama
8,umibyewin,4859,11.78,2019/04/24,KawaseFan
9,umibyewin,4859,12.30,2019/04/24,akira
10,umibyewin,4859,12.86,2019/04/24,Wanikun
11,umibyewin,4859,15.60,2019/04/24,marurun
12,umibyewin,4859,15.90,2019/04/24,tat
13,umibyewin,4859,16.95,2019/04/24,Stabim
14,umibyewin,4859,17.13,2019/04/24,Ico
15,umibyewin,4859,17.83,2019/04/24,グロいうさぎ
16,umibyewin,4859,18.15,2019/04/24,sol-alpha
17,umibyewin,4859,18.41,2019/04/24,onijirushi
18,umibyewin,4859,18.43,2019/04/24,Getter1
19,umibyewin,4859,19.41,2019/04/24,Set Inuyama
20,umibyewin,4859,20.95,2019/04/24,DFx2
1,umibyewin,49E3,1.34.41,2019/04/24,グロいうさぎ
2,umibyewin,49E3,1.34.48,2019/04/24,らむてが(Ramtieger)
3,umibyewin,49E3,1.34.51,2019/04/24,guterham
4,umibyewin,49E3,1.36.91,2019/04/24,わあい
5,umibyewin,49E3,1.37.06,2019/04/24,Nordanix
6,umibyewin,49E3,1.37.15,2019/04/24,Ico
7,umibyewin,49E3,1.38.48,2019/04/24,gori.sh
8,umibyewin,49E3,1.40.46,2019/04/24,KawaseFan
9,umibyewin,49E3,1.43.05,2019/04/24,ama
10,umibyewin,49E3,1.44.11,2019/04/24,K_Jin
11,umibyewin,49E3,1.47.48,2019/04/24,Akari Telepath
12,umibyewin,49E3,2.06.30,2019/04/24,55David
13,umibyewin,49E3,2.07.53,2019/04/24,Wanikun
14,umibyewin,49E3,2.08.20,2019/04/24,LordWax
15,umibyewin,49E3,2.08.61,2019/04/24,kuramai
16,umibyewin,49E3,2.08.75,2019/04/24,Stabim
17,umibyewin,49E3,2.09.21,2019/04/24,kiyopejp
18,umibyewin,49E3,2.09.60,2019/04/24,PJ
19,umibyewin,49E3,2.10.61,2019/04/24,ffviplayer
20,umibyewin,49E3,2.10.83,2019/04/24,onijirushi
1,umibyewin,5027,4.20,2019/04/24,guterham
2,umibyewin,5027,4.23,2019/04/24,Nordanix
3,umibyewin,5027,4.28,2019/04/24,gori.sh
4,umibyewin,5027,4.31,2019/04/24,グロいうさぎ
5,umibyewin,5027,4.31,2019/04/24,らむてが(Ramtieger)
6,umibyewin,5027,4.31,2019/04/24,akira
7,umibyewin,5027,4.38,2019/04/24,enu405969
8,umibyewin,5027,4.40,2019/04/24,ama
9,umibyewin,5027,4.41,2019/04/24,わあい
10,umibyewin,5027,4.45,2019/04/24,Harucani
11,umibyewin,5027,4.46,2019/04/24,moog
12,umibyewin,5027,4.55,2019/04/24,Akari Telepath
13,umibyewin,5027,4.56,2019/04/24,cute_hikkychang
14,umibyewin,5027,5.05,2019/06/07,kiyopejp
15,umibyewin,5027,5.81,2019/04/24,SDL2TLV
16,umibyewin,5027,7.11,2019/04/24,KawaseFan
17,umibyewin,5027,8.25,2019/04/24,Getter1
18,umibyewin,5027,8.85,2019/04/24,hitstun
19,umibyewin,5027,11.31,2019/04/24,sol-alpha
20,umibyewin,5027,12.65,2019/04/24,Stabim
1,umibyewin,5152,3.50,2019/04/24,guterham
2,umibyewin,5152,3.53,2019/04/24,わあい
3,umibyewin,5152,3.55,2019/04/24,Nordanix
4,umibyewin,5152,3.56,2019/04/24,SE606
5,umibyewin,5152,3.58,2019/04/24,らむてが(Ramtieger)
6,umibyewin,5152,3.60,2019/04/24,moog
7,umibyewin,5152,3.60,2019/04/24,グロいうさぎ
8,umibyewin,5152,3.61,2019/04/24,ama
9,umibyewin,5152,3.63,2019/04/24,KawaseFan
10,umibyewin,5152,3.80,2019/04/24,akira
11,umibyewin,5152,3.81,2019/04/24,real hero26753
12,umibyewin,5152,3.81,2019/04/24,Akari Telepath
13,umibyewin,5152,3.83,2019/04/24,cute_hikkychang
14,umibyewin,5152,4.00,2019/04/24,onijirushi
15,umibyewin,5152,5.15,2019/04/24,Coelun
16,umibyewin,5152,5.35,2019/04/24,TEM
17,umibyewin,5152,5.51,2019/04/24,manfromthewall
18,umibyewin,5152,6.43,2019/04/24,SDL2TLV
19,umibyewin,5152,6.56,2019/04/24,hitstun
20,umibyewin,5152,6.75,2019/04/24,MicroSphere
1,umibyewin,5226,1.33,2019/04/24,guterham
2,umibyewin,5226,1.33,2019/04/24,子人
3,umibyewin,5226,1.40,2019/04/24,あきつ
4,umibyewin,5226,1.48,2019/04/24,グロいうさぎ
5,umibyewin,5226,1.58,2019/04/24,gori.sh
6,umibyewin,5226,1.66,2019/04/24,Nordanix
7,umibyewin,5226,1.76,2019/04/24,ama
8,umibyewin,5226,2.11,2019/04/24,SDL2TLV
9,umibyewin,5226,2.23,2019/04/24,Ico
10,umibyewin,5226,2.28,2019/04/24,hitstun
11,umibyewin,5226,2.51,2019/04/24,KawaseFan
12,umibyewin,5226,2.71,2019/04/24,わあい
13,umibyewin,5226,2.83,2019/04/24,Karu
14,umibyewin,5226,3.15,2019/04/24,Getter1
15,umibyewin,5226,3.20,2019/04/24,monadetennis
16,umibyewin,5226,3.36,2019/04/24,Marioscousins
17,umibyewin,5226,3.73,2019/04/24,sol-alpha
18,umibyewin,5226,4.15,2019/04/24,Set Inuyama
19,umibyewin,5226,4.16,2019/04/24,simesaba
20,umibyewin,5226,4.26,2019/04/24,Akari Telepath
1,umibyewin,5356,5.68,2019/04/24,guterham
2,umibyewin,5356,6.01,2019/04/24,わあい
3,umibyewin,5356,6.41,2019/04/24,gori.sh
4,umibyewin,5356,6.56,2019/04/24,Nordanix
5,umibyewin,5356,6.81,2019/04/24,らむてが(Ramtieger)
6,umibyewin,5356,6.85,2019/04/24,moog
7,umibyewin,5356,6.88,2019/04/24,Akari Telepath
8,umibyewin,5356,6.98,2019/04/24,Ico
9,umibyewin,5356,7.08,2019/04/24,matumoti
10,umibyewin,5356,7.08,2019/04/24,cute_hikkychang
11,umibyewin,5356,7.13,2019/04/24,enu405969
12,umibyewin,5356,7.18,2019/04/24,ama
13,umibyewin,5356,7.23,2019/04/24,Harucani
14,umibyewin,5356,7.28,2019/04/24,KawaseFan
15,umibyewin,5356,8.90,2019/04/24,Sakiko
16,umibyewin,5356,9.48,2019/04/24,ゞ Tonny 〆
17,umibyewin,5356,10.56,2019/04/24,Marioscousins
18,umibyewin,5356,11.18,2019/04/24,hitstun
19,umibyewin,5356,11.55,2019/04/24,ffviplayer
20,umibyewin,5356,11.63,2019/04/24,Wanikun
1,umibyewin,5449,4.03,2019/04/24,guterham
2,umibyewin,5449,4.33,2019/04/24,らむてが(Ramtieger)
3,umibyewin,5449,4.38,2019/04/24,KawaseFan
4,umibyewin,5449,4.50,2019/04/24,Coelun
5,umibyewin,5449,4.51,2019/04/24,gori.sh
6,umibyewin,5449,4.55,2019/04/24,グロいうさぎ
7,umibyewin,5449,4.55,2019/04/24,akira
8,umibyewin,5449,4.56,2019/04/24,Kyouken
9,umibyewin,5449,4.56,2019/04/24,SE606
10,umibyewin,5449,4.58,2019/04/24,Nordanix
11,umibyewin,5449,4.60,2019/04/24,Ico
12,umibyewin,5449,4.60,2019/04/24,ama
13,umibyewin,5449,4.61,2019/04/24,あきつ
14,umibyewin,5449,4.63,2019/04/24,OEDLEMMY
15,umibyewin,5449,4.71,2019/04/24,Akari Telepath
16,umibyewin,5449,4.76,2019/04/24,cute_hikkychang
17,umibyewin,5449,5.08,2019/04/24,manfromthewall
18,umibyewin,5449,5.73,2019/04/24,[deleted]
19,umibyewin,5449,6.25,2019/04/24,Getter1
20,umibyewin,5449,6.38,2019/04/24,SDL2TLV
1,umibyewin,5539,7.76,2019/04/24,わあい
2,umibyewin,5539,7.93,2019/04/24,guterham
3,umibyewin,5539,8.11,2019/04/24,ふぁじい
4,umibyewin,5539,8.33,2019/04/24,グロいうさぎ
5,umibyewin,5539,8.76,2019/04/24,Nordanix
6,umibyewin,5539,8.80,2019/04/24,Akari Telepath
7,umibyewin,5539,8.90,2019/04/24,SE606
8,umibyewin,5539,9.05,2019/04/24,cute_hikkychang
9,umibyewin,5539,9.33,2019/04/24,gori.sh
10,umibyewin,5539,9.46,2019/04/24,ama
11,umibyewin,5539,9.90,2019/04/24,らむてが(Ramtieger)
12,umibyewin,5539,10.01,2019/04/24,enu405969
13,umibyewin,5539,10.31,2019/04/24,Dr.L
14,umibyewin,5539,10.48,2019/04/24,Ico
15,umibyewin,5539,12.71,2019/04/24,KawaseFan
16,umibyewin,5539,13.63,2019/04/24,hitstun
17,umibyewin,5539,13.66,2019/04/24,Stabim
18,umibyewin,5539,14.01,2019/04/24,akira
19,umibyewin,5539,14.98,2019/04/24,Hope
20,umibyewin,5539,17.55,2019/05/07,gpbear4
1,umibyewin,5620,7.01,2019/04/24,guterham
2,umibyewin,5620,7.08,2019/04/24,akira
3,umibyewin,5620,7.13,2019/04/24,ふぁじい
4,umibyewin,5620,7.30,2019/04/24,らむてが(Ramtieger)
5,umibyewin,5620,7.35,2019/04/24,Nordanix
6,umibyewin,5620,7.38,2019/04/24,gori.sh
7,umibyewin,5620,7.43,2019/04/24,Ico
8,umibyewin,5620,8.41,2019/04/24,cute_hikkychang
9,umibyewin,5620,8.53,2019/04/24,Akari Telepath
10,umibyewin,5620,8.96,2019/04/24,moog
11,umibyewin,5620,9.08,2019/04/24,わあい
12,umibyewin,5620,12.10,2019/04/24,matumoti
13,umibyewin,5620,13.40,2019/04/24,hitstun
14,umibyewin,5620,13.61,2019/04/24,Wanikun
15,umibyewin,5620,13.70,2019/04/24,ゞ Tonny 〆
16,umibyewin,5620,15.76,2019/04/24,KawaseFan
17,umibyewin,5620,16.40,2019/04/24,SDL2TLV
18,umibyewin,5620,16.46,2019/04/24,MicroSphere
19,umibyewin,5620,16.50,2019/04/24,ffviplayer
20,umibyewin,5620,25.55,2019/04/24,Stabim
1,umibyewin,5730,6.11,2019/04/24,guterham
2,umibyewin,5730,6.33,2019/04/24,Nordanix
3,umibyewin,5730,6.35,2019/04/24,gori.sh
4,umibyewin,5730,6.36,2019/04/24,らむてが(Ramtieger)
5,umibyewin,5730,6.55,2019/04/24,グロいうさぎ
6,umibyewin,5730,6.63,2019/04/24,わあい
7,umibyewin,5730,6.68,2019/04/24,cute_hikkychang
8,umibyewin,5730,6.93,2019/04/24,moog
9,umibyewin,5730,6.93,2019/04/24,KawaseFan
10,umibyewin,5730,6.95,2019/04/24,ama
11,umibyewin,5730,8.03,2019/04/24,Ico
12,umibyewin,5730,12.25,2019/04/24,Wanikun
13,umibyewin,5730,14.01,2019/04/24,Getter1
14,umibyewin,5730,15.35,2019/04/24,Stabim
15,umibyewin,5730,16.95,2019/04/24,sol-alpha
16,umibyewin,5730,19.26,2019/04/24,enu405969
17,umibyewin,5730,19.91,2019/04/24,akira
18,umibyewin,5730,20.00,2019/04/24,K_Jin
19,umibyewin,5730,23.06,2019/04/24,batfax
20,umibyewin,5730,26.20,2019/04/24,justice fist
1,umibyewin,5844,4.48,2019/04/24,guterham
2,umibyewin,5844,4.96,2019/04/24,わあい
3,umibyewin,5844,5.05,2019/04/24,gori.sh
4,umibyewin,5844,5.10,2019/04/24,Nordanix
5,umibyewin,5844,5.10,2019/04/24,cute_hikkychang
6,umibyewin,5844,5.25,2019/04/24,ama
7,umibyewin,5844,5.26,2019/04/24,moog
8,umibyewin,5844,5.33,2019/04/24,onijirushi
9,umibyewin,5844,5.36,2019/04/24,KawaseFan
10,umibyewin,5844,5.45,2019/04/24,Akari Telepath
11,umibyewin,5844,5.71,2019/04/24,らむてが(Ramtieger)
12,umibyewin,5844,5.75,2019/04/24,Harucani
13,umibyewin,5844,6.25,2019/04/24,Wanikun
14,umibyewin,5844,6.28,2019/04/24,SDL2TLV
15,umibyewin,5844,6.58,2019/04/24,tooro
16,umibyewin,5844,7.35,2019/04/24,kiyopejp
17,umibyewin,5844,7.93,2019/04/24,Karu
18,umibyewin,5844,8.01,2019/04/24,sol-alpha
19,umibyewin,5844,9.11,2019/04/24,Ico
20,umibyewin,5844,9.30,2019/04/24,おるとEX
1,umibyewin,5949,11.16,2019/04/24,ふぁじい
2,umibyewin,5949,11.25,2019/04/24,guterham
3,umibyewin,5949,11.65,2019/04/24,グロいうさぎ
4,umibyewin,5949,12.81,2019/04/24,gori.sh
5,umibyewin,5949,14.21,2019/04/24,Ico
6,umibyewin,5949,14.38,2019/04/24,Nordanix
7,umibyewin,5949,14.71,2019/04/24,moog
8,umibyewin,5949,15.33,2019/04/24,わあい
9,umibyewin,5949,15.36,2019/04/24,KawaseFan
10,umibyewin,5949,15.38,2019/04/24,らむてが(Ramtieger)
11,umibyewin,5949,16.73,2019/04/24,Wanikun
12,umibyewin,5949,17.38,2019/04/24,SDL2TLV
13,umibyewin,5949,17.65,2019/04/24,onijirushi
14,umibyewin,5949,18.35,2019/04/24,K_Jin
15,umibyewin,5949,18.71,2019/04/24,justice fist
16,umibyewin,5949,19.18,2019/04/24,ティニー
17,umibyewin,5949,19.23,2019/04/24,DMN34KP
18,umibyewin,5949,19.33,2019/04/24,ffviplayer
19,umibyewin,5949,19.65,2019/04/24,Coelun
20,umibyewin,5949,19.85,2019/04/24,おるとEX
